0;1;
абажур;-1;
абориген;-1;
аборт;-1;
абортивный;-1;
абсурд;-1;
абсурдность;-1;
абсурдный;-1;
авантюра;-1;
авантюрист;-1;
авантюрный;-1;
аварийность;-1;
аварийный;-1;
авария;-2;
авиакатастрофа;-1;
аврал;-1;
авторитаризм;-1;
авторитарность;-1;
авторитарный;-1;
авторитетный;1;
агитка;-1;
агония;-2;
агрессивность;-1;
агрессивный;-1;
агрессия;-2;
агрессор;-1;
адекватность;1;
адекватный;1;
адов;-2;
адовый;-2;
адский;-1;
аккуратность;1;
аккуратный;1;
активист;1;
алкаш;-2;
алкоголизм;-2;
алкоголик;-2;
алкоголичка;-1;
алчность;-1;
амнистия;1;
аморальность;-1;
аморальный;-2;
антагонизм;-1;
антикоррупционный;1;
антинародный;-1;
антипатия;-1;
антисанитария;-1;
антисемитизм;-2;
антитеррористический;1;
апатия;-1;
аппетитный;1;
асоциальный;-1;
атака;-1;
аутсайдер;-1;
афера;-1;
аферист;-1;
ахинея;-2;
бабник;-1;
бабский;-1;
базар;-1;
базарить;-1;
балаболка;-1;
балаган;-1;
балбес;-2;
балда;-1;
банда;-1;
бандитизм;-2;
бандитский;-1;
бандформирование;-2;
банкрот;-1;
банкротство;-1;
барахло;-1;
бардак;-1;
барыга;-1;
башковитый;1;
бдительность;1;
бдительный;1;
беда;-2;
бедность;-1;
бедный;-1;
бедственный;-1;
бедствие;-2;
бедствовать;-1;
безвкусный;-1;
безволие;-1;
безвольный;-1;
безвыходность;-1;
безголовый;-1;
безграмотность;-1;
безграмотный;-1;
безгрешный;1;
бездарный;-1;
бездарь;-1;
бездействие;-1;
безделье;-1;
бездельница;-1;
бездельничать;-1;
безденежье;-1;
бездеятельность;-1;
бездоказательный;-1;
бездумный;-2;
беззаконие;-2;
безмозглость;-2;
безмозглый;-2;
безнадега;-1;
безнадежность;-1;
безнадежный;-1;
безнаказанность;-1;
безнаказанный;-1;
безнравственность;-2;
безнравственный;-1;
безобразие;-1;
безопасность;1;
безопасный;1;
безответственность;-1;
безответственный;-2;
безработица;-1;
безразличие;-1;
безразличный;-1;
безукоризненный;1;
безумие;-1;
безумный;-1;
безумство;-1;
безупречный;2;
безыдейный;-1;
безысходность;-1;
безысходный;-1;
белиберда;-2;
бережливый;1;
бесить;-1;
беситься;-1;
бесконтрольный;-1;
бесноватый;-1;
бесноваться;-1;
беспардонный;-1;
бесподобный;1;
беспокоить;-1;
беспокойство;-1;
бесполезность;-1;
бесполезный;-1;
беспорядок;-1;
беспощадный;-1;
бесправный;-1;
беспредел;-2;
беспринципный;-2;
бессердечный;-2;
бессилие;-1;
бесславный;-1;
бессмысленность;-1;
бессмысленный;-1;
бессмыслица;-1;
бессовестность;-1;
бесстрашный;1;
бесстыдный;-2;
бестактность;-1;
бестолковость;-1;
бестолковый;-1;
бестолочь;-2;
бесчеловечность;-2;
бесчеловечный;-2;
бесчестный;-2;
бешенство;-1;
бешеный;-1;
бить;-1;
бич;-1;
благо;1;
благодатный;1;
благоденствие;1;
благодушный;1;
благополучие;1;
благополучный;1;
благоприятный;1;
благоразумие;1;
благородный;2;
благородство;2;
благотворитель;1;
благотворительность;1;
благотворительный;1;
благочестивый;1;
благочестие;1;
блевотина;-1;
блевотный;-2;
бледный;-1;
блеск;1;
блистательный;2;
блистать;1;
богомерзкий;-1;
боготворить;1;
бодрый;1;
боевик;-1;
божественный;1;
бойкий;1;
бойкот;-1;
бойкотировать;-1;
бойня;-1;
болевой;-1;
болезненный;-1;
болезный;-1;
болезнь;-1;
болтовня;-1;
боль;-1;
болячка;-1;
бомба;-1;
бомбардировка;-1;
бомбежка;-1;
бомбить;-1;
бомж;-1;
борзый;-1;
бороться;1;
бояться;-1;
бравада;-1;
браконьер;-1;
бранить;-1;
брань;-1;
братский;1;
бредовый;-1;
брезгливость;-1;
бремя;-1;
брехать;-1;
брехня;-1;
брехун;-1;
брешь;-1;
брутальный;-1;
брюзжание;-1;
брюзжать;-1;
буйный;-1;
буйство;-1;
буржуй;-1;
буржуйский;-1;
буянить;-1;
быдло;-2;
бюрократ;-1;
бюрократический;-1;
бюрократия;-1;
бяка;-1;
вакханалия;-1;
вакцина;-1;1
валить;-1;1
валить;-2;1
валяться;-1;1
вампир;-1;1
вандал;-1;
вандализм;-1;1
вандализм;-2;
варварский;-2;1
варварский;-1;
ватник;-1;
ваххабит;-2;1
ввс;1;1
вдвойне;-1;1
вдоволь;1;1
вдоволь;-1;1
вдохновение;1;1
вдохновитель;1;1
вдохновлять;1;1
вдохновлять;-1;1
вдумчивый;2;1
вдумчивый;1;
ведро;-1;1
ведьма;-1;
вежливость;1;
вежливый;2;1
вежливый;1;
везение;1;
везти;-1;1
везунчик;1;
везучий;1;
великий;1;
великодержавный;1;1
великолепие;2;1
великолепие;1;
великолепный;-1;1
великолепный;1;
величественный;2;1
величественный;1;
величественный;-1;1
величие;1;
величие;-1;1
вена;1;1
венерический;-1;1
вера;1;1
верить;1;1
вермахт;-1;1
верность;1;
верность;-1;1
вернуть;1;1
верный;2;1
верный;1;
веровать;-1;1
вероотступник;-1;1
веселенький;-1;1
веселенький;1;1
веселие;1;
веселить;1;
веселить;-1;1
веселуха;-1;1
веселуха;1;1
веселый;1;
весельчак;1;
весельчак;-1;1
веский;-1;1
весомость;-1;1
весомость;1;1
ветеран;2;1
ветеран;1;1
вечный;2;1
вешать;-1;1
вещество;-1;1
взаимность;1;1
взаимный;1;1
взаимовыгодный;1;
взаимопомощь;2;1
взаимопомощь;1;
взаимопонимание;1;
взахлеб;-1;1
взбалмошный;-2;1
взбалмошный;-1;
взбрыкивать;-1;
взбунтоваться;-1;
взгрустнуть;-1;
вздор;-1;
вздорный;-1;
вздрагивать;1;1
вздыхать;-1;1
вздыхать;1;1
взлет;1;1
взлом;-2;1
взлом;-1;
взрыв;-1;
взрывать;-1;
взрываться;-1;
взрываться;-2;1
взрывной;-1;1
взрывчатка;-1;1
взъедаться;-1;1
взыскание;-1;1
взяткодатель;-1;
взяточник;-1;
взяточничество;-1;
взяточничество;-2;1
видимость;-1;1
визжать;-1;1
вина;-1;
виновник;-1;
виновница;-1;
виновность;-1;
виновный;-1;
виновный;-2;1
виртуоз;2;1
виртуоз;1;
виртуозный;-1;1
виртуозный;1;
вирусный;-1;1
вить;-1;1
вич;-2;1
вкалывать;-1;1
включаться;1;1
вкусненький;1;1
вкусненький;-1;1
вкусный;1;
вкуснятина;1;
вкуснятина;2;1
владение;1;1
владыка;1;1
владыка;2;1
влазить;-1;1
властолюбец;-1;
властолюбивый;-1;
власть;-1;1
влачить;-1;1
влезание;-1;1
влезать;-1;1
влечение;-1;1
влечение;1;1
вливаться;-1;1
влияние;1;1
влюбленность;1;
влюбляться;1;
вменяемость;1;1
вмешательство;-1;1
внезапный;-1;1
внимание;1;1
внимательность;1;1
внимательный;1;
внимательный;2;1
внимательный;-1;1
внутри;1;1
внушать;-1;1
внушение;-1;1
внушительный;-1;1
внятный;2;1
внятный;1;
вова;-1;1
вовремя;1;1
водить;1;1
водиться;-1;1
водка;-1;1
воевать;-1;1
военно-морской;1;1
военнопленный;-1;
военнослужащий;1;
вожделенный;-1;1
вожделенный;1;
вождь;-1;1
вождь;1;1
возбраняться;-1;
возвеличивать;1;
возвеличивать;-1;1
возврат;1;1
возвышенность;2;1
возглавлять;1;1
воздух;1;1
возиться;-1;1
возлюбить;1;
возмездие;-1;
возможность;1;1
возмутительный;-2;
возмутительный;-1;1
возмущать;-1;
возмущаться;-1;
вознаграждение;1;
возненавидеть;-1;
возня;1;1
возня;-1;
возомнить;-1;
возрадоваться;1;
возрадоваться;-1;1
возражать;-1;
возрождаться;1;1
воин;1;
воинственный;-1;1
воинственный;1;1
воистину;1;
война;-1;
волевой;2;1
волевой;1;
волна;-2;1
волнение;-1;
волноваться;-1;
волокита;-1;
волонтер;-1;1
волшебник;-1;1
волшебник;1;
волшебный;2;1
волшебный;1;
волшебство;1;
волшебство;-1;1
вольность;-1;1
вольный;1;
воля;1;
вонь;-1;
вонючий;-1;1
вонючий;-2;
вонючка;-1;
вонять;-1;1
вонять;-2;
воображать;-1;
вооружать;-1;
вооружение;-1;1
вопить;-1;
вопить;-2;1
вор;-2;1
вор;-1;
воришка;-1;
вороватый;-2;
вороватый;-1;1
воровать;-1;
воровской;-1;
воровство;-1;
ворюга;-1;1
ворюга;-2;
воскресать;1;1
воспаление;-1;
воспевать;1;
воспевать;-1;1
воспевать;2;1
воспользоваться;1;1
воспользоваться;-1;1
воспрепятствовать;-1;1
воспринимать;-1;1
восприятие;1;1
восставать;-1;1
восстание;-1;
восторг;1;
восторг;2;1
восторгаться;2;1
восторгаться;-1;1
восторгаться;1;
восхваление;1;
восхваление;-1;1
восхвалять;-1;1
восхвалять;1;
восхитительный;-1;1
восхитительный;2;
восхищать;1;
восхищать;2;1
восхищаться;-1;1
восхищение;1;
вот-вот;1;1
вошь;-1;1
вошь;-2;1
впаривать;-1;
впаривать;-2;1
вперед;-1;1
впечатление;1;1
впечатлительный;-1;1
впечатлять;2;1
впечатлять;-1;1
впечатлять;1;
впечатляющий;-1;1
впечатляющий;1;
впихивать;-1;
впустую;-1;
враг;-1;
вражда;-1;
вражда;-2;
враждебный;-1;
враждебный;-2;
вражий;-1;
вражий;2;
вразумительный;1;
вразумительный;-1;
вранье;-2;
вранье;-1;
врать;-1;
вред;-1;
вредитель;-1;
вредитель;-2;
вредительство;-1;
вредительство;-2;
вредить;-1;
вредность;-1;
вредный;-1;
вредный;-2;
всегда;1;
вседозволенность;-1;
всемирный;1;
всемогущий;-1;
всемогущий;1;
всеобщий;1;
всеобъемлющий;1;
всепроникающий;-1;
всерьез;1;
всесильный;1;
вспыльчивый;-1;
вспышка;-1;
встревать;-1;
встреча;1;
встречать;1;
всяко;-1;
вторгаться;-1;
вторжение;-1;
вторичный;-1;
второсортный;-1;
второстепенный;-1;
втридорога;-1;
вульгарный;-1;
вундеркинд;1;
вундеркинд;2;
въезжать;-1;
выбрасывать;-1;
выброс;-1;
вывозить;-1;
выговаривать;-1;
выговор;-1;
выгода;1;
выгода;-1;
выгодность;1;
выгодность;-1;
выгодный;1;
выгонять;-1;
выдержка;1;
выдумка;1;
выебывать;-1;
выебывать;-2;
выживать;-1;
выздоравливать;1;
выздоравливать;2;
выздоровление;2;
выздоровление;1;
выигрывать;1;
выигрыш;1;
выигрышный;1;
выискивать;-1;
выкидывать;-1;
выкидыш;-2;
выклянчивать;-1;
выклянчивать;-2;
выкрадывать;-1;
выкрадывать;1;
выкрутасы;1;
выкрутасы;-1;
вылазить;-2;
вылазить;-1;
вылечивать;1;
вылечиваться;1;
вымирание;-2;
вымирание;-1;
вымирать;-1;
вымирать;-2;
вымогать;-2;
вымогать;-1;
вымысел;-1;
вымысел;1;
выносливость;1;
вынуждать;1;
вынуждать;-1;
выпендриваться;-1;
выпендриваться;-2;
выпивать;-1;
выплачивать;-1;
выправлять;1;
выправляться;1;
выпуклый;1;
выпуск;-1;
вырубаться;-1;
выручать;1;
выселять;-1;
выскочка;-1;
высокоинтеллектуальный;2;
высокоинтеллектуальный;-1;
высокоинтеллектуальный;1;
высококвалифицированный;1;
высококлассный;1;
высокомерие;-1;
высокомерие;1;
высокомерный;-1;
высокоморальный;-1;
высокоморальный;1;
высокообразованный;2;
высокообразованный;1;
высокопоставленный;2;
высокопоставленный;1;
высокопроизводительный;1;
высота;1;
выступать;-1;
высылка;-1;
вытаскивать;1;
вытворять;-1;
вытеснять;-1;
выходка;-1;
вычурный;1;
вычурный;-1;
вышеперечисленный;1;
выясняться;-1;
вялость;-1;
вялотекущий;-1;
вялый;-1;
гавно;-1;
гавно;-2;
гад;-1;
гаденький;-2;
гаденький;-1;
гадить;-2;
гадить;-1;
гадкий;-2;
гадкий;-1;
гадливый;-2;
гадливый;-1;
гадость;-1;
гадость;-2;
газпром;-1;
гайдар;-1;
галантный;2;
галантный;1;
галиматья;-2;
галиматья;-1;
гангстер;-2;
гангстер;1;
гандон;-1;
гандон;-2;
гарант;1;
гарантированный;1;
гарантировать;1;
гарантировать;-1;
гарантия;1;
гармоничность;1;
гармоничность;2;
гармоничный;1;
гармония;2;
гармония;1;
гаснуть;-1;
гастарбайтер;-1;
гастрит;-1;
гвинея;1;
гей;-1;
гениальность;2;
гениальность;1;
гениальный;2;
гений;1;
геноцид;-2;
геноцид;-1;
гепатит;-2;
германский;1;
героизм;1;
героизм;2;
героиня;1;
героиня;-1;
героический;2;
героический;1;
герой;-1;
геройский;1;
геройство;1;
геройство;-1;
гетто;-2;
гетто;-1;
гибель;-1;
гибнуть;-1;
гибнуть;-2;
гигантский;1;
гиперинфляция;-2;
гипертрофированный;-2;
гипертрофированный;-1;
гитлер;-1;
гитлеровский;-2;
гладкий;-1;
гладкий;1;
гладкий;-2;
глазок;-1;
гламур;-1;
гламур;1;
гламурный;-1;
глохнуть;-1;
глохнуть;-2;
глубинка;-1;
глумиться;-1;
глумиться;-2;
глумление;-2;
глумление;-1;
глупец;-1;
глуповатый;-1;
глупость;-1;
глупость;-2;
глупый;-1;
глупый;-2;
глупышка;-1;
глупышка;1;
глухой;-1;
глухомань;-1;
глушь;-1;
глюк;-1;
глядеть;-1;
глянуть;-1;
г-н;-1;
гнать;-1;
гнев;-1;
гнев;-2;
гнида;-1;
гнида;-2;
гнилой;-2;
гнилой;-1;
гнилость;-2;
гнилость;-1;
гнить;-1;
гнобить;-2;
гнобить;-1;
гнойник;-2;
гнойник;-1;
гнойный;-1;
гнойный;-2;
гнусность;-1;
гнусность;-2;
гнусный;-2;
гнусный;-1;
гоблин;-2;
гоблин;-1;
говнюк;-2;
говнюк;-1;
говорильня;-1;
годный;1;
годный;2;
годный;-1;
голимый;-1;
голимый;-2;
головной;-1;
головорез;-1;
головорез;-2;
голод;-2;
голод;-1;
голодание;-1;
голодать;-1;
голодный;-1;
голодовка;-1;
голодранец;-1;
голодуха;-1;
гололед;-1;
голосить;-1;
голословность;-1;
голословность;-2;
голосовать;1;
голытьба;-1;
гомерический;-1;
гомерический;-2;
гомик;-1;
гомик;-2;
гомосек;-1;
гомосексуалист;-1;
гомосексуалист;-2;
гомосексуальность;-1;
гондон;-2;
гондон;-1;
гонение;-1;
гонимый;-1;
гонитель;-1;
гонитель;-2;
гонор;-1;
гонор;1;
гонять;-1;
гопник;-1;
горбатиться;-1;
горбатый;-1;
горбачев;1;
гордиться;1;
гордиться;2;
гордость;1;
гордый;-1;
гордый;1;
гордыня;-1;
горе;-1;
горевать;-1;
горелый;-1;
горечь;-1;
горлопан;-2;
горлопан;-1;
гормон;1;
горький;1;
горький;-1;
горячительный;-1;
горячка;-1;
господи;-1;
господин;-1;
господство;-1;
гостеприимный;2;
гостеприимный;1;
гостеприимство;2;
гостеприимство;1;
гостеприимство;-1;
государство;1;
готовить;1;
готовить;-1;
грабеж;-1;
грабитель;-2;
грабитель;-1;
грабительский;-2;
грабительский;-1;
грабить;-1;
грамотность;1;
грамотный;1;
грандиозный;2;
грандиозный;1;
грант;1;
грезить;1;
грезить;-1;
греметь;-1;
грех;-2;
грех;-1;
греховный;-2;
греховный;-1;
грешить;-2;
грешить;-1;
грешный;-1;
гримаса;-2;
гримаса;-1;
грипп;-1;
грозить;-1;
грозиться;-1;
грозненский;-1;
громадный;2;
громадный;-1;
громкий;1;
громоздкий;-1;
гротескный;-1;
грубить;-1;
грубость;-1;
грубый;-1;
грузиться;-1;
грузия;-1;
группировка;-1;
грустить;-1;
грустный;-1;
грусть;-1;
грязноватый;-1;
грязный;-1;
грязь;-1;
губительный;-1;
губительный;-2;
губить;-2;
губить;-1;
гулаг;-1;
гулькин;-1;
гуманизм;1;
гуманистический;1;
гуманитарий;-1;
гуманитарный;-1;
гуманность;2;
гуманность;1;
гуманный;1;
гуманный;-1;
гяур;-1;
гяур;-2;
давка;-1;
давка;-2;
давление;-1;
давненько;-1;
давнишний;-1;
далекий;-1;
дальний;-1;
дальновидный;1;
дальновидный;-1;
дар;2;
дар;1;
дармовой;-1;
двигатель;1;
движение;1;
движущий;1;
двойной;-1;
двойственный;-1;
дворянский;2;
двуличие;-2;
двуличие;-1;
двуличность;-1;
двуличность;-2;
двусмысленность;-1;
двусмысленный;-1;
дебил;-1;
дебил;-2;
дебильный;-2;
дебильный;-1;
дебош;-1;
дебошир;-1;
дебоширить;-1;
девальвация;-1;
девиантный;-1;
девица;-1;
девка;-1;
девка;-2;
девственный;1;
девственный;-1;
дегенерат;-2;
дегенерат;-1;
дегенерация;-2;
дегенерация;-1;
деградация;-1;
деградация;-2;
деградировать;-1;
деградировать;-2;
дед;2;
дееспособный;-1;
действенный;1;
декларативный;-1;
деликатный;1;
деловой;1;
дельный;1;
демагогический;-1;
демагогический;-2;
демагогия;-1;
деменция;-1;
деменция;-2;
демократизм;-1;
демократический;1;
демократичность;1;
демократичный;1;
демон;-1;
демонизация;-2;
демонизация;-1;
демонстрант;-1;
демонстрация;-1;
деморализация;-1;
деморализовать;-1;
демпинг;-1;
демпинговый;-2;
демпинговый;-1;
депопуляция;-2;
депопуляция;-1;
депортация;-1;
депортировать;-1;
депрессивный;-1;
депрессия;-1;
депрессия;-2;
депутатский;-1;
деревенский;1;
державный;-1;
держаться;1;
дерзать;-1;
дерзить;-1;
дерзкий;-1;
дерзость;-1;
дерьмо;-2;
дерьмо;-1;
дерьмовый;-2;
дерьмовый;-1;
десантник;1;
деспот;-2;
деспот;-1;
деспотия;-1;
дестабилизация;-1;
дестабилизация;-2;
дестабилизировать;-1;
деструктивный;-1;
детдом;-2;
детектор;1;
детишки;1;
детишки;-1;
детка;2;
детка;-1;
детка;1;
детоубийство;-1;
детоубийство;-2;
детоубийца;-2;
детройт;1;
детройт;-1;
детский;1;
дефект;-1;
дефектный;-1;
дефицит;-2;
дефицит;-1;
дефицитный;-1;
дефолт;-1;
деформация;-1;
деформировать;-1;
деформироваться;-1;
дешевенький;-1;
дешевизна;-1;
дешевый;-1;
деятель;-1;
деятельность;1;
деятельный;1;
джентльмен;2;
джентльменский;1;
джип;-1;
джунгли;-1;
диабет;-1;
диагноз;-1;
диарея;-1;
диверсант;-1;
диверсант;1;
диверсант;-2;
диверсионный;-1;
диверсия;-1;
дивный;1;
дивный;-1;
диво;1;
диво;2;
диетический;1;
дизентерия;-1;
дикарский;-1;
дикарский;-2;
дикарь;-1;
дикий;-1;
дикий;-2;
дикость;-1;
дикость;-2;
диктатор;-1;
диктатор;-2;
диктаторский;-1;
диктаторский;-2;
диктатура;-1;
дилетантский;-1;
димон;-1;
динамический;1;
динамичный;1;
дипломатический;1;
дипломатичный;1;
директивный;1;
директивный;-1;
диск;1;
дисквалифицировать;-1;
дискомфорт;-1;
дискомфортный;-1;
дискредитация;-1;
дискредитация;-2;
дискредитировать;-1;
дискриминационный;-1;
дискриминация;-1;
дискриминация;-2;
дискриминировать;-1;
дискриминировать;-2;
диссонанс;-1;
дитя;-1;
дифтерия;-1;
дичь;-1;
доблестный;-1;
доблестный;1;
доблесть;-1;
доблесть;1;
добренький;-1;
добренький;1;
добро;1;
добро;-1;
добровольный;1;
добродетель;1;
доброжелательность;1;
доброжелательность;2;
доброжелательный;2;
доброжелательный;1;
доброкачественный;-1;
доброкачественный;1;
добросовестность;1;
добросовестный;1;
добрососедство;1;
доброта;2;
доброта;1;
добротный;1;
добрый;2;
добрый;1;
добряк;-1;
добряк;2;
добывать;1;
добывать;-1;
доверие;1;
доверие;2;
доверчивый;1;
доверчивый;-1;
доверять;1;
доводить;-1;
довольный;1;
догадка;-1;
догадливый;1;
доить;-1;
доказывать;-1;
доктор;1;
докторский;1;
долбоеб;-2;
долг;-1;
долговечность;1;
долговечность;2;
долговой;-1;
долгожданный;1;
долгоиграющий;1;
должник;-1;
доллар;-1;
дом;1;
домик;-1;
домик;1;
домогательство;-1;
доморощенный;-1;
донор;1;
донос;-1;
доносить;-2;
доносить;-1;
допекать;-1;
допинг;-1;
допускать;-1;
дороговатый;-1;
дороговизна;1;
дорогостоящий;-1;
дорожать;-1;
досада;-1;
досадный;-1;
доставать;-1;
доставаться;-1;
достаток;1;
достижение;1;
достоверность;1;
достоверный;1;
достоинство;1;
достойный;1;
достойный;-1;
достопочтенный;-1;
достопочтенный;2;
достопочтенный;1;
достояние;1;
достояние;-1;
достояние;2;
доступ;-1;
доступ;1;
досужий;-1;
дотошный;-1;
дохлый;-1;
дохлый;-2;
дохнуть;-1;
дохнуть;-2;
доход;1;
доходный;1;
доходчивый;-1;
доходчивый;1;
дочь;1;
драгоценный;1;
драгоценный;-1;
дразнить;-1;
драйв;-1;
драйв;1;
драка;-1;
драматичный;-1;
драть;-1;
драться;-1;
дремучий;-1;
дрожать;-1;
дрочить;-1;
дружба;1;
дружелюбие;1;
дружелюбный;1;
дружеский;1;
дружественный;1;
дружить;2;
дружить;1;
дружище;1;
дружище;2;
дружный;-1;
дружный;1;
дружный;2;
дружок;-1;
дружок;1;
дрянь;-2;
дрянь;-1;
дряхлый;-1;
дтп;-1;
дубина;-1;
дубинка;-1;
дура;-1;
дура;-2;
дурак;-1;
дурак;-2;
дурацкий;-1;
дурачок;-1;
дурдом;-2;
дурдом;-1;
дурень;-1;
дурить;-1;
дурить;-2;
дурной;-1;
дурной;-2;
дурость;-2;
дурость;-1;
дурочка;-1;
дурь;-1;
духовность;-1;
духовность;1;
духовный;1;
душевный;1;
душегуб;-2;
душегуб;-1;
душенька;-1;
душенька;1;
душераздирающий;-1;
душеспасительный;1;
душистый;1;
душить;-1;
душить;-2;
душный;-1;
душок;-1;
дымить;-1;
дыра;-1;
дырка;-1;
дышать;-1;
дьявол;-1;
дьявол;-2;
ебало;-2;
ебануться;-2;
ебаный;-2;
ебать;-2;
ебаться;-2;
ебучий;-2;
еврейка;-1;
еврейский;-1;
еврейство;-1;
еврейство;-2;
еда;1;
единение;1;
единомышленник;1;
единственный;1;
единство;1;
единый;1;
едкий;-1;
еле-еле;-1;
ельцин;-1;
ельцинский;-1;
еретик;-1;
еретический;-1;
ерунда;-2;
ерунда;-1;
жадничать;-1;
жадность;-2;
жадность;-1;
жадный;-2;
жадный;-1;
жажда;-1;
жалкий;-1;
жалкий;-2;
жалоба;-1;
жалобный;-1;
жаловать;-1;
жаловаться;-1;
жалостливый;-1;
жалостливый;1;
жалость;-1;
жалость;1;
жарковато;-1;
желанный;1;
желательный;1;
желать;1;
железный;-1;
железный;1;
желтуха;1;
желтуха;-1;
желчный;-2;
жена;1;
женоненавистник;-1;
женоненавистник;-2;
женственность;2;
женственный;1;
жертва;-1;
жертвенность;1;
жертвенный;-1;
жертвенный;1;
жертвователь;-1;
жертвовать;1;
жесткий;-1;
жесткость;-1;
жестокий;-1;
жестокость;-1;
жесть;-1;
жечь;-1;
жжение;-1;
жжение;1;
живительный;1;
живодер;-1;
живодер;-2;
живописный;2;
живописный;1;
животный;-1;
животрепещущий;-1;
живучесть;1;
живучий;1;
живучий;-1;
живучий;-2;
жид;-1;
жид;-2;
жидовский;-1;
жидовский;-2;
жизнелюбивый;1;
жизнелюбивый;2;
жизнерадостный;-1;
жизнерадостный;1;
жизнеспособность;1;
жизнеспособный;1;
жизнеспособный;-2;
жила;-1;
жирный;1;
жирный;-2;
жирный;-1;
жопа;-2;
жопа;-1;
жопка;-2;
жратва;-2;
жратва;-1;
жрать;-2;
жрать;-1;
жужжать;-1;
жулик;-2;
жулик;-1;
жульничать;-2;
жульничать;-1;
жульничество;-1;
жупел;-1;
журить;-1;
жуткий;-1;
жутковатый;-1;
жутковатый;-2;
жуть;-1;
заартачиться;-1;
забавлять;-1;
забавлять;1;
забавный;1;
забастовка;-2;
забастовка;-1;
забивать;-1;
забирать;-1;
заблудиться;-1;
заблуждаться;-1;
заблуждение;-1;
заболеваемость;-1;
заболевание;-1;
заболевать;-1;
забота;1;
забота;2;
заботить;-1;
заботиться;2;
заботиться;1;
заботливый;-1;
забулдыга;-1;
забывать;-1;
заваливать;-1;
заведомый;-1;
заветный;1;
завидный;1;
завидный;-1;
завидовать;-1;
завиральный;-1;
зависимость;-1;
зависимый;-1;
завистливый;-1;
завистник;-1;
зависть;-1;
зависть;-2;
завладение;-1;
заводной;1;
завоеватель;-1;
заволноваться;-1;
завышать;-1;
завышение;-1;
загаживать;-1;
загвоздка;-1;
заглохнуть;-1;
загнивание;-2;
загнивание;-1;
загнивать;-2;
загнивать;-1;
заговор;-1;
заговорщик;-1;
заголосить;-1;
загонять;-1;
загорелый;1;
заграница;-1;
загребущий;-1;
загрязнение;-1;
загрязнять;-1;
загубить;-1;
зад;-1;
зад;-2;
задаваться;-1;
задворки;-1;
задворки;-2;
задевать;-1;
задешево;-1;
задешево;1;
задирать;-1;
задница;-1;
задница;-2;
задор;1;
задорнов;1;
задыхаться;-1;
зажигать;1;
зазевываться;-1;
зазнаваться;-1;
зазорный;-2;
зазорный;-1;
заигрывать;1;
заикаться;-1;
заинтересованность;1;
заинтересованный;1;
заинтриговывать;1;
заискивание;-1;
заискивать;-1;
зайка;1;
заклинивать;-1;
заколебать;-1;
закомплексованный;-1;
законный;1;
закономерность;-1;
законопослушный;1;
закоренелый;-1;
закупать;-1;
закуривать;-1;
залезать;-1;
заливать;-1;
заложник;-1;
заляпывать;-1;
заманчивый;1;
заменять;1;
замерзать;-1;
замерзнуть;-1;
замечательный;1;
замечательный;-1;
замечательный;2;
замешательство;-1;
заморочка;-1;
заморский;-1;
заморский;1;
замуж;1;
замусоривать;-1;
замусоривать;-2;
замутить;-1;
занижать;-1;
занимательный;1;
занимать;-1;
занос;-1;
зануда;-1;
занудный;-1;
занятный;1;
заоблачный;-1;
запад;-1;
западня;-1;
западня;-2;
запаздывать;-1;
запирать;-1;
записывать;-1;
заплакать;-1;
заплатить;-1;
заплесневелый;-1;
заповедный;1;
заповедь;1;
запоздалый;-1;
запоздалый;-2;
запредельный;-1;
запрет;1;
запретительный;-1;
запрещать;-1;
запугивать;-1;
запугивать;-2;
запутывать;-1;
заработок;1;
заражать;-1;
заражение;-1;
зараза;-1;
зараза;-2;
зарезать;-1;
зарезать;-2;
засирать;-1;
засирать;-2;
заслуга;1;
заслуга;-1;
заслуживать;1;
заслуживать;-1;
засовывать;-1;
засраный;-1;
засраный;-2;
заставлять;-1;
застой;-1;
застойный;-1;
застойный;-2;
застраховывать;1;
застреливаться;-2;
застреливаться;-1;
затмевать;1;
затратный;-1;
затруднительный;-1;
затруднять;-1;
захват;-1;
захватывать;-1;
захотеть;1;
захотеться;1;
захудалый;-2;
захудалый;-1;
зацеплять;1;
зацеплять;-1;
зацикливаться;-1;
зацикливаться;1;
зачетный;1;
зашибаться;-1;
защита;1;
защитник;1;
защитник;-1;
защитный;1;
защищать;1;
заявление;-1;
заявлять;-1;
звериный;-1;
зверский;-1;
звучный;1;
звучный;-1;
здоровенький;1;
здоровый;2;
здоровый;1;
здоровье;2;
здравомыслящий;1;
здравствовать;1;
здравый;1;
зеландия;-1;
зерно;1;
зимбабве;-1;
злачный;-1;
злиться;-1;
зло;-1;
злоба;-1;
злоба;-2;
злобный;-1;
злобный;-2;
злободневный;-1;
злободневный;1;
зловещий;-1;
зловредный;-1;
зловредный;-2;
злодей;-1;
злодей;-2;
злой;-1;
злой;-2;
злокачественный;-1;
злокачественный;-2;
злокозненный;-1;
злонамеренный;-1;
злопамятный;-1;
злополучный;-1;
злостный;-1;
злость;-2;
злость;-1;
злоупотреблять;-1;
знаковый;1;
знаменательный;2;
знаменательный;1;
знание;2;
знатный;-1;
знатный;1;
золотой;1;
золотоносный;-1;
зомби;-1;
зомби;-2;
зомбировать;-2;
зомбировать;-1;
зоркий;2;
зоркий;-1;
зоркий;1;
зрелище;-1;
зреть;1;
зэк;-1;
зюганов;-1;
иван;1;
игла;-1;
игла;-2;
игнорировать;-1;
игра;1;
игрушка;-1;
идеал;2;
идеальный;1;
идейный;1;
идеология;-1;
идиот;-1;
идиот;-2;
идиотизм;-2;
идиотический;-1;
идиотический;-2;
идиотский;-2;
идиотский;-1;
иероглиф;1;
изба;-1;
избавлять;1;
избивать;-1;
избиение;-1;
избыточный;-1;
избыточный;2;
известность;1;
известный;1;
извинение;1;
извинять;-1;
извиняться;1;
извращенец;-2;
извращенец;-1;
извращение;-1;
изгнание;-1;
изгонять;-1;
издевательский;-1;
издевательский;-2;
издевательство;-1;
издевательство;-2;
издеваться;-1;
издеваться;-2;
излишний;-1;
измена;-1;
измена;-2;
изменчивый;1;
изнасиловать;-2;
изнасиловать;-1;
изнурительный;-1;
изнурительный;-2;
изобретательный;1;
израильский;1;
изрядный;-1;
изуверский;-2;
изуверский;-1;
изумрудный;-1;
именитый;1;
иммигрант;-1;
иммунный;1;
имперский;-1;
импонировать;1;
импортный;-1;
импульсивный;-1;
импульсивный;1;
инакомыслящий;-1;
индиец;-1;
индустриальный;1;
инженер;1;
инициативный;-1;
инквизиция;-2;
инновационный;1;
инновационный;2;
инородец;-2;
инородец;-1;
иностранный;1;
инстинкт;-1;
интеграция;1;
интеллект;1;
интеллектуал;-1;
интеллектуал;1;
интеллектуальный;2;
интеллигентный;1;
интеллигентский;-1;
интеллигенция;-1;
интеллигенция;1;
интенсивный;1;
интересный;1;
интересовать;1;
интернат;-1;
интимный;-1;
интриговать;-1;
инфантильный;-1;
инфекционный;-1;
инфекция;-1;
инфляция;-1;
информативный;1;
инцест;-1;
ипать;-2;
ипать;-1;
иранский;-1;
ироничный;-1;
ироничный;1;
иррациональный;-1;
иррациональный;1;
иск;-1;
искажать;-1;
искажение;-1;
искать;2;
исключительный;1;
искренний;1;
искренний;2;
искрометный;1;
исламист;-1;
исламистский;-2;
исламистский;-1;
исламский;-1;
исповедь;1;
исполнение;1;
испортить;-1;
испортиться;-1;
исправительный;-1;
исправлять;1;
испугаться;-1;
истерика;-1;
истерика;-2;
истерический;-1;
истеричный;-1;
истерия;-1;
истинный;1;
истовый;-1;
истовый;1;
исторический;1;
исторический;-1;
истреблять;-1;
итальянский;1;
иудейский;-1;
иудейский;-2;
ихний;-1;
кавказец;-1;
кагал;-1;
казак;-1;
казнить;-1;
казнить;-2;
казнь;-1;
казнь;-2;
кайф;1;
какать;-1;
калашников;-1;
калечить;-1;
калечить;-2;
канализация;-1;
канализация;-2;
кандидатский;1;
канонический;-1;
капитализм;1;
капитализм;-1;
капиталист;-1;
капиталистический;-1;
капитальный;1;
капитан;-1;
капризный;-1;
карательный;-1;
караул;-1;
карелия;1;
карликовый;-1;
карманный;-1;
касса;1;
катаклизм;-1;
катастрофа;-1;
катастрофический;-1;
катастрофический;-2;
катастрофичный;-2;
катастрофичный;-1;
кататься;-2;
категорический;-1;
категоричный;-1;
каторжный;-1;
каторжный;-2;
качать;-1;
качать;1;
качественный;1;
качественный;-1;
каяться;-1;
каяться;1;
квинтэссенция;1;
кгб;-2;
кеннеди;1;
кесарев;1;
кидать;-1;
кидать;1;
киевлянин;1;
кинуть;-1;
кинуть;-2;
киоск;-1;
киприот;-1;
кислый;-1;
кислый;1;
китаец;-1;
китаянка;1;
классический;1;
классный;1;
классовый;-1;
класть;-1;
клевета;-1;
клевый;-1;
клевый;1;
клиника;-1;
клинтон;-1;
клоун;-2;
клоун;-1;
клятвенный;-1;
клятвенный;1;
кндр;-1;
коварный;-1;
ковыряться;-1;
козел;-1;
козлиный;-2;
кокаин;-1;
кокаин;-2;
колбаса;-1;
колебаться;-1;
колледж;-1;
колония;-1;
колоссальный;1;
колоться;-1;
колхоз;-1;
колхоз;-2;
колючий;-1;
комильфо;1;
комильфо;-1;
комический;-1;
коммерческий;-1;
коммунистический;1;
компактный;1;
компенсационный;1;
компетентный;2;
компетентный;1;
комплимент;1;
комплиментарный;1;
комплиментарный;-1;
компромиссный;1;
комсомол;-1;
комсомолец;-1;
комсомолец;1;
комсомольский;-1;
комфортный;1;
конго;-1;
конец;-1;
конкурент;-1;
конкуренция;1;
конструктивный;1;
конструктивный;2;
конструктор;1;
консульство;1;
контейнер;1;
контора;-1;
конфессия;-1;
конфетка;1;
конфликт;-1;
конфликтный;-1;
концентрация;-1;
концептуальный;1;
концлагерь;-2;
концлагерь;-1;
кончать;-2;
кончать;-1;
кончаться;-1;
конченый;-2;
конченый;-1;
копейка;-1;
копирайт;-1;
копирайт;1;
копирование;-1;
кораблик;1;
корея;-1;
корм;-1;
кормить;-1;
кормушка;-1;
корочка;-1;
корпорация;-1;
корректный;1;
коррумпировать;-1;
коррумпировать;-2;
коррупционер;-1;
коррупционный;-1;
коррупция;-2;
коррупция;-1;
корявый;-1;
косноязычный;-1;
костер;-1;
косяк;-1;
кошмар;-1;
кошмарный;-2;
кошмарный;-1;
кощунственный;-2;
кощунственный;-1;
кпрф;-1;
кража;-1;
крайний;-1;
красавица;1;
красавица;2;
красивый;1;
красноречивый;-1;
красота;2;
красота;1;
красотища;2;
красотища;1;
красотка;-1;
красотка;1;
красочный;-1;
красочный;1;
красть;-1;
красть;-2;
крах;-1;
крах;-2;
кремлевский;-1;
кремль;-1;
крепкий;2;
крепкий;1;
крепчать;1;
крест;-1;
крестить;-1;
кретин;-2;
кретин;-1;
крещение;1;
кризис;-1;
кризисный;-1;
криминал;-1;
криминал;-2;
криминальный;-1;
кристальный;1;
критиковать;-1;
критический;-1;
критичный;-1;
кровавый;-1;
кровожадный;-1;
кровопролитие;-1;
кровопролитие;-2;
кромешный;-1;
крошечный;1;
крошка;1;
крутой;1;
круть;1;
крыса;-1;
крысиный;-1;
кубинский;1;
кулак;-1;
культ;-1;
культовый;1;
культурный;1;
курево;-1;
курение;1;
курение;-1;
курильщик;-1;
курить;-1;
курица;-2;
курица;-1;
курорт;1;
курьезный;-1;
кусок;1;
кусок;-1;
кусочек;1;
куча;-1;
кучка;-1;
кучма;-1;
лавинообразный;-1;
лавочка;-1;
лагерь;-1;
ладный;1;
лажа;-1;
лазурный;1;
лакомый;1;
лаконичный;1;
лаконичный;2;
лапочка;2;
ларек;-1;
ласковый;2;
ласковый;1;
латинский;1;
лауреат;1;
лгать;-1;
лдпр;-1;
левый;-1;
легализовать;1;
легальный;1;
легендарный;1;
легендарный;2;
легитимность;1;
легитимный;1;
легкий;1;
легковерный;-1;
легкость;1;
легкость;-1;
ледокол;1;
ледокол;-1;
лежалый;-1;
лезть;-1;
лекарство;1;
лелеять;-1;
лелеять;1;
ленивый;-1;
ленин;-1;
ленинград;2;
лениться;-1;
лепота;1;
лепота;-1;
летальный;-1;
летальный;-2;
лечить;-1;
лечиться;-2;
лечиться;-1;
лидер;-1;
лизать;-1;
ликвидировать;1;
ликвидный;1;
ликовать;-1;
ликовать;2;
ликовать;1;
лимон;-1;
липкий;-1;
липовый;-1;
липовый;1;
листовка;-1;
лихой;-1;
лихой;1;
лихой;2;
лихорадочный;-1;
лицемер;-1;
лицемер;-2;
лицемерие;-1;
лицемерие;-2;
лицензионный;1;
лицо;-1;
личность;2;
личность;1;
личность;-1;
лишать;-1;
лишаться;-1;
лишение;-2;
лишний;-1;
лоб;1;
логика;1;
логичный;1;
лодка;1;
ложный;-1;
ломать;-1;
ломать;-2;
ломаться;-1;
ломиться;-1;
ломка;-1;
ломка;-2;
лопнуть;-1;
лорд;1;
лох;-2;
лох;-1;
лояльный;1;
лузер;-1;
лукавый;-2;
лукавый;-1;
лукашенко;-1;
лучезарный;1;
лучезарный;-1;
львовский;-1;
льгота;1;
льстивый;-2;
льстивый;-1;
любвеобильный;1;
любвеобильный;-1;
любезный;-1;
любезный;1;
любимый;2;
любимый;1;
любительский;-1;
любить;2;
любить;1;
любоваться;1;
любоваться;2;
любовный;-1;
любовь;1;
любознательный;1;
любопытный;-1;
любопытный;1;
любопытство;2;
любопытство;1;
людоедский;-1;
людоедский;-2;
лютый;-1;
магазинчик;1;
магический;-1;
магический;1;
мажор;-2;
мажор;-1;
мазохист;-1;
максимальный;1;
маленький;1;
маловажный;-1;
маловат;-1;
маловероятный;-1;
малозаметный;-1;
малозначительный;-1;
малоизвестный;-1;
малоимущий;-1;
малоинтересный;-1;
малолетний;1;
мало-мальски;-1;
малообразованный;-1;
малообразованный;-2;
малопонятный;-1;
малость;-1;
малочисленный;1;
малоэффективный;-1;
малыш;1;
мальчик;-1;
маниакальный;-2;
маниакальный;-1;
манипулировать;-2;
манипулировать;-1;
манипуляция;-1;
мания;-1;
маньяк;-2;
маньяк;-1;
мао;-1;
маразм;-2;
маразм;-1;
маразматический;-2;
маразматический;-1;
маргинальный;-2;
маргинальный;-1;
марионетка;-1;
марксист;-1;
масон;-1;
массовый;1;
масштаб;1;
математик;-1;
материал;1;
материальный;-1;
материть;-1;
материться;-1;
матушка;1;
матушка;-1;
мать;1;
мафиозный;-1;
мафия;-1;
махать;-1;
махонький;1;
махонький;-1;
машинка;1;
мега;1;
медик;-1;
медицина;1;
медленный;-1;
медлить;-1;
мексиканский;-1;
мелковатый;-1;
мелочный;-2;
мелочный;-1;
мемориал;2;
мент;-1;
менталитет;-1;
ментовский;-1;
менторский;-1;
менторский;1;
мерзавец;-2;
мерзавец;-1;
мерзкий;-1;
мерзкий;-2;
мерзопакостный;-2;
мерзопакостный;-1;
мерзостный;-2;
мерзостный;-1;
мерзость;-1;
мерзость;-2;
меркантильный;-1;
мероприятие;-1;
мерси;1;
мерси;-1;
мертворожденный;-1;
мертвый;-2;
мертвый;-1;
местечковый;-1;
местный;1;
месть;-1;
механический;1;
мечеть;-1;
мечтательный;1;
мечтать;-1;
мечтать;1;
мешать;-1;
мещанский;-2;
мещанский;-1;
мизерный;-1;
миленький;-1;
миллиардер;-1;
миллионер;2;
милосердный;1;
милосердный;2;
милость;-1;
милость;1;
милый;2;
милый;-1;
милый;1;
мимолетный;-1;
минздрав;-1;
минус;-1;
минусовый;-1;
мирный;1;
миролюбивый;1;
миролюбивый;2;
миротворческий;1;
митин;-1;
митинговать;-1;
митрохин;-1;
мифический;-1;
мифологический;-1;
младший;1;
ммм;-1;
мнить;-1;
много;-1;
многовато;-1;
многолетний;1;
многообещающий;1;
многообразие;1;
многострадальный;-1;
многофункциональный;1;
многочисленный;-1;
мобильный;1;
могучий;1;
могучий;-1;
могущественный;1;
могущественный;2;
мода;-1;
мода;1;
модернизация;2;
модный;1;
молиться;1;
молодец;2;
молодец;1;
молодчина;1;
молодчина;2;
монастырь;-1;
монотонный;-1;
монстр;-1;
монументальный;1;
мораль;1;
моральный;-1;
морда;-1;
морда;-2;
мордашка;-1;
мордашка;1;
мордочка;1;
москаль;-2;
москаль;-1;
москвичка;-1;
мочить;-2;
мочить;-1;
мошенник;-1;
мошеннический;-1;
мошеннический;-2;
мошенничество;-1;
мощный;1;
мощный;2;
мразь;-2;
мразь;-1;
мрак;-1;
мракобес;-2;
мракобесие;-1;
мракобесие;-2;
мракобесный;-2;
мракобесный;-1;
мрачноватый;-1;
мрачный;-1;
мстительный;-1;
мстить;-1;
мудак;-2;
мудак;-1;
мудреный;-1;
мудрец;1;
мудрец;2;
мудрец;-1;
мудрость;-1;
мудрость;1;
мудрый;2;
мудрый;1;
муж;-1;
муж;2;
мужественный;1;
мужественный;2;
мужество;1;
мужик;-1;
мужик;1;
мука;-1;
мука;-2;
мука;1;
муслим;-1;
мусор;-1;
мусорить;-1;
мусорка;-1;
мусорный;-1;
мусульманин;-1;
мусульманка;-1;
мутный;-1;
муторный;-1;
муторный;-2;
муть;-1;
мучение;-2;
мучение;-1;
мучительный;-1;
мучительный;-2;
мучиться;-2;
мучиться;-1;
мчс;1;
мыльный;-1;
мышление;1;
мэр;-1;
мягкий;1;
мягкотелый;1;
мягкотелый;-1;
мятежный;1;
мятежный;-1;
набирать;-1;
наблюдательный;1;
навальный;-2;
наводить;1;
наводнение;-2;
навоз;-1;
наворовывать;-1;
наворовывать;-2;
навредить;-1;
навязчивый;-1;
навязчивый;-2;
наглость;-1;
наглый;-2;
наглый;-1;
награждать;1;
надежда;1;
надежность;1;
надежный;2;
надежный;1;
надеяться;1;
надлежащий;1;
надоедать;-1;
надрываться;-1;
надрывный;-2;
надрывный;-1;
наебывать;-2;
наебывать;-1;
наезд;-1;
наезжать;-1;
наемник;-1;
назойливый;-1;
наивный;-1;
наизнанку;-1;
наказание;-2;
наказуемый;-1;
наказывать;-1;
налево;-1;
налог;1;
наносить;-1;
напасть;-1;
напиваться;-2;
напиваться;-1;
наплевать;-1;
наповал;-1;
наполняться;-1;
напористый;1;
напористый;-1;
напрасный;-1;
напрягать;-1;
напрягаться;-1;
напряженность;-1;
напряженность;-2;
напряженный;-2;
напряженный;-1;
напугать;-1;
напускной;-1;
напыщенный;-1;
наравне;1;
нарекание;-1;
нарик;-1;
наркоман;-2;
наркоман;-1;
наркомания;-1;
наркоманский;-1;
наркоманский;-2;
наркота;-1;
наркотик;-1;
наркотический;-1;
наркоторговец;-2;
наркоторговец;-1;
народность;-1;
нарушать;-1;
нарушение;-1;
нарушитель;-1;
насиловать;-2;
насиловать;-1;
насильник;-2;
насильник;-1;
насильственный;-1;
наслаждаться;1;
наслаждение;1;
наслаждение;-1;
наслышан;-1;
насмотреться;-1;
насрать;-2;
наставать;2;
настойчивый;-1;
настораживать;-1;
наступательный;-1;
наступательный;1;
нато;-2;
натяжка;-1;
научный;2;
научный;1;
нахуй;-2;
нахуй;-1;
нахуя;-2;
нахуя;-1;
нацбол;-1;
нацизм;-2;
нацизм;-1;
национал;-1;
национал;1;
национализм;-1;
националист;-1;
националистический;-1;
национальность;1;
нацист;-1;
нацистский;-2;
нацистский;-1;
нацмен;-1;
нацмен;-2;
начальство;-1;
начинаться;-1;
наш;1;
неадекватный;-1;
неактуальный;-1;
небезопасный;-1;
небезразличный;1;
небезызвестный;-1;
небесный;1;
неблагодарный;-1;
неблагонадежный;-1;
неблагополучный;-2;
неблагополучный;-1;
неблагоприятный;-1;
небогатый;-1;
небрежный;1;
небывалый;1;
небывалый;-1;
небывалый;2;
неважный;-1;
неведомый;-1;
невежливый;-1;
невежливый;-2;
невеликий;-1;
неверный;-1;
невероятный;-1;
невероятный;1;
невеселый;-1;
невзрачный;-1;
невиданный;-1;
невинный;1;
невиновность;1;
невиновный;2;
невиновный;1;
невнимательный;-1;
невнятный;-1;
невозможность;-1;
невозможный;-1;
невольный;-1;
невообразимый;-1;
невообразимый;1;
невооруженный;-1;
невоспитанный;-2;
невоспитанный;-1;
невостребованный;-1;
невредимый;1;
невроз;-1;
невыгодный;-1;
невыносимый;-1;
невыносимый;-2;
невыплаченный;-1;
невыполненный;-1;
невыполнимый;-1;
невысокий;1;
негатив;-1;
негативный;-1;
неглубокий;-1;
неглупый;1;
негодный;-2;
негодный;-1;
негодяй;-2;
негодяй;-1;
негр;-1;
неграмотный;-1;
негромкий;1;
негуманный;-1;
недалекий;-1;
недальновидный;-1;
недальновидный;-2;
недвусмысленный;-1;
недееспособный;-1;
недемократичный;-1;
недешевый;-1;
недисциплинированный;-1;
недобросовестный;-1;
недобрый;-1;
недоверие;-1;
недовольный;-1;
недовольство;-1;
недолговечный;-1;
недолюбливать;-1;
недоношенный;-2;
недоношенный;-1;
недопустимый;-1;
недоразвитый;-2;
недоразвитый;-1;
недоразумение;-1;
недорогой;1;
недостаток;-1;
недостаточный;-1;
недостижимый;-1;
недостойный;-1;
недостойный;-2;
недосягаемый;-1;
недосягаемый;1;
недоумевать;-1;
недоумение;-1;
недочет;-1;
недружелюбный;-1;
недурной;1;
недюжинный;1;
нежданный;-1;
нежелание;-1;
нежеланный;-1;
нежизнеспособный;-1;
нежизнеспособный;-2;
нежилой;-1;
нежный;1;
незавершенный;-1;
незавидный;-1;
незавидный;-2;
независимый;-1;
незаконный;-1;
незаконный;-2;
незалежный;-1;
незаменимый;1;
незамутненный;-1;
незамутненный;1;
незатейливый;-1;
нездоровый;-1;
неземной;-1;
неземной;1;
незнание;-1;
незрелый;-1;
неизбежный;-1;
неизгладимый;1;
неизгладимый;-1;
неизлечимый;-1;
неизмеримый;-1;
неизмеримый;1;
неимоверный;-1;
неинтересный;-1;
неискренний;-1;
неиспользованный;-1;
неисправимый;-1;
неисправный;-1;
неистовый;-1;
неистовый;-2;
неистребимый;-1;
неисчерпаемый;1;
некачественный;-1;
неквалифицированный;-1;
некомпетентный;-1;
некомфортный;-1;
неконтролируемый;-1;
неконфликтный;1;
некорректный;-1;
некрасивый;-1;
некрасивый;-2;
некультурный;-1;
некурящий;1;
нелегал;-2;
нелегал;-1;
нелегальный;-1;
нелегитимный;-2;
нелегитимный;-1;
нелегкий;-1;
нелегкий;1;
нелепость;-1;
нелепый;-1;
нелестный;-1;
нелестный;-2;
нелицеприятный;-1;
нелишний;1;
неловкий;-1;
нелогичный;-1;
нелюбимый;-1;
нелюбовь;-1;
нелюди;-2;
нелюди;-1;
немаленький;1;
немаленький;-1;
немаловажный;1;
немалый;1;
немалый;-1;
неминуемый;-1;
немножечко;-1;
немодный;-1;
немой;-1;
немолодой;-1;
немыслимый;-1;
немытый;-1;
ненавидеть;-2;
ненавидеть;-1;
ненависть;-1;
ненависть;-2;
ненавязчивый;1;
ненадежный;-2;
ненадежный;-1;
ненароком;-1;
ненастоящий;-1;
ненастоящий;-2;
ненасытный;-1;
ненормальный;-2;
ненормальный;-1;
ненормативный;-1;
ненужный;-1;
необдуманный;-1;
необдуманный;-2;
необразованный;-1;
необученный;-1;
необъятный;1;
необъятный;-1;
необыкновенный;1;
необычайный;1;
необязательный;-1;
неограниченный;1;
неоднозначный;-1;
неожиданный;1;
неопасный;1;
неописуемый;-1;
неописуемый;1;
неоправданный;-1;
неопределенный;-1;
неопровержимый;2;
неопрятный;-1;
неопрятный;-2;
неординарный;-1;
неординарный;1;
неосмотрительный;-1;
неоспоримый;1;
неосторожный;-1;
неосуществимый;-1;
неотделимый;1;
неоценимый;1;
неочевидный;-1;
неплатежеспособный;-1;
неплохой;1;
непобедимый;-2;
непобедимый;-1;
непобежденный;1;
непобежденный;2;
неповинный;1;
неповинный;-1;
неповиновение;-1;
неповрежденный;1;
неповторимый;1;
неповторимый;-1;
непогрешимый;1;
непогрешимый;-1;
непогрешимый;2;
неподготовленный;-1;
неподдельный;1;
неподдельный;2;
неподкупный;1;
неподкупный;2;
неподтвержденный;-1;
неподходящий;-1;
непозволительный;-1;
непоколебимый;1;
непоколебимый;-1;
непокорный;-1;
непокорный;1;
неполноценность;-2;
неполноценность;-1;
неполноценный;-1;
неполноценный;-2;
неполный;-1;
неположенный;-1;
непомерный;-1;
непонимание;-1;
непонимающий;-1;
непонятный;-1;
непонятый;-1;
непоправимый;-2;
непоправимый;-1;
непопулярный;-1;
непорядочный;-1;
непосильный;-1;
непоследовательный;-1;
непослушный;-1;
непостижимый;-1;
непостижимый;-2;
непостижимый;1;
непостоянный;-1;
непотопляемый;1;
непотребный;-1;
неправда;-1;
неправильный;-1;
неправовой;-1;
неправомерный;-1;
неправосудный;-1;
неправый;-1;
непрактичный;-1;
непредвиденный;-2;
непредсказуемый;-1;
непрекращающийся;-1;
непреодолимый;-1;
непрестанный;1;
неприветливый;-1;
непригодный;-1;
неприемлемый;-1;
непризнанный;-1;
неприкасаемый;-1;
неприкрытый;-1;
неприличный;-1;
непримиримый;-1;
неприхотливый;1;
неприязнь;-1;
неприятность;-1;
неприятный;-1;
непробиваемый;-1;
непробиваемый;1;
непроверенный;-1;
непролазный;-1;
непростой;-1;
непрофессиональный;-1;
непутевый;-1;
непыльный;-1;
непыльный;1;
неработающий;-1;
неработающий;-2;
нерабочий;-1;
неравнодушный;-1;
неравнодушный;1;
неравномерный;-1;
нерадивый;-1;
нерадостный;-1;
неразрешимый;-1;
неразумный;-1;
нераскрытый;-1;
нераскрытый;1;
нерациональный;-1;
нервировать;-1;
нервничать;-1;
нереализованный;-1;
нереальность;-1;
нереальный;-1;
нереальный;1;
нерезиновый;-1;
нерелигиозный;-1;
нерентабельный;-1;
нерешенный;-1;
нерусский;-1;
нерусский;-2;
несамостоятельный;-1;
несанкционированный;-1;
несанкционированный;-2;
несбалансированный;-1;
несбыточный;-1;
несвойственный;-1;
несдержанный;-1;
несерьезный;-1;
несистемный;-1;
несказанный;1;
несказанный;2;
несказанный;-1;
нескончаемый;-1;
нескромный;-1;
нескучный;1;
несложный;1;
неслыханный;-1;
неслыханный;1;
несметный;-1;
несметный;1;
несовершенный;-1;
несовершенство;-1;
несовместимый;-2;
несовместимый;-1;
несовременный;-1;
несогласный;-1;
несознательный;-1;
несознательный;-2;
несомненный;1;
несоответствие;-1;
несостоявшийся;-1;
неспешный;-1;
неспособность;-1;
неспособный;-1;
неспособный;-2;
несправедливость;-1;
несправедливый;-1;
несравнимый;1;
нестабильный;-1;
нестандартный;1;
несусветный;-1;
несуществующий;-1;
несчастный;-1;
несъедобный;-1;
нетерпение;1;
нетерпение;-1;
нетленный;1;
нетленный;-1;
неточность;-1;
нетрезвый;-1;
нетривиальный;1;
неуважение;-1;
неуважение;-2;
неугодный;-1;
неудача;-1;
неудачник;-1;
неудачный;-1;
неудержимый;1;
неудобный;-1;
неудобный;-2;
неудобство;-1;
неудовлетворенный;-1;
неудовлетворительный;-1;
неуемный;-1;
неуклонный;1;
неуклюжий;-1;
неуловимый;-1;
неуловимый;1;
неумелый;-1;
неумение;-1;
неуместный;-1;
неумный;-1;
неумолимый;-1;
неуправляемый;-1;
неуправляемый;1;
неуравновешенный;-1;
неуравновешенный;-2;
неуспешный;-1;
неустойчивый;-1;
неутешительный;-1;
неутомимый;-1;
неухоженный;-1;
неуютный;-1;
нехватка;-1;
нехитрый;-1;
нехитрый;1;
нехуй;-2;
нехуй;-1;
нецелесообразный;-1;
нецензурный;-1;
нецензурный;-2;
нецивилизованный;-1;
нечеловеческий;-2;
нечеловеческий;-1;
нечестивый;-1;
нечестивый;-2;
нечестный;-1;
нечистый;-1;
нечисть;-1;
нечисть;-2;
неэтичный;-1;
неэффективный;-1;
неявный;-1;
неясный;-1;
ниггер;-1;
ниггер;-2;
нигер;-1;
нигер;-2;
низкокачественный;-1;
низкокачественный;-2;
низкооплачиваемый;-1;
низменный;-1;
никакой;-1;
никудышный;-1;
никудышный;-2;
никчемный;-1;
нисколько;-1;
ничтожество;-1;
нищенский;-1;
нищета;-1;
нищий;-1;
нобелевский;2;
новенький;1;
новогодний;1;
новомодный;1;
новомодный;-1;
новый;1;
ноль;1;
номенклатура;-1;
нормальный;1;
норовить;-1;
нос;-1;
нравиться;1;
нравственность;1;
нравственный;1;
нудный;-1;
нудный;-2;
нужный;1;
нынешний;-1;
нытик;-1;
ныть;-1;
оаэ;-1;
обалдевать;-1;
обалдевать;1;
обвинение;-1;
обвинительный;-1;
обвинять;-1;
обворовывать;-1;
обворовывать;-2;
обезьяна;-1;
обезьянка;-1;
обеспечивать;1;
обетованный;-1;
обидный;-1;
обидчик;-1;
обижать;-1;
обижаться;-1;
обильный;-1;
обильный;1;
обитать;-1;
облегчать;1;
облегчение;1;
обличительный;-1;
обман;-1;
обманный;-1;
обманчивый;-1;
обманывать;-1;
обнимать;2;
обнимать;1;
обниматься;-1;
обожать;1;
обожать;2;
оборона;1;
обоснованный;1;
обоюдный;1;
обрадовать;1;
обрадовать;2;
обрадоваться;1;
образованный;1;
образовательный;1;
обрезание;-1;
обсирать;-2;
обследование;-1;
обучать;1;
обучение;1;
обходить;-1;
обширный;1;
общедоступный;1;
общемировой;1;
общемировой;2;
общепризнанный;2;
общечеловеческий;1;
общительный;2;
общительный;1;
объединение;1;
объединительный;1;
объединять;1;
объезжать;1;
объяснимый;1;
объяснительный;-1;
обывательский;-1;
обыденный;-1;
обычай;1;
обязательство;1;
овечий;-1;
оглушительный;1;
оглушительный;2;
оголтелый;-1;
огорчать;-1;
ограничение;-1;
ограничивать;-1;
огрех;-1;
одессит;1;
одинокий;-1;
одиночество;-1;
одиночество;-2;
однозначный;1;
однозначный;-1;
одноразовый;-1;
однотипный;-1;
одобрительный;1;
одобрять;1;
оздоровительный;1;
ой;-1;
оккупант;-2;
оккупант;-1;
оккупация;-1;
оккупировать;-1;
окно;-2;
окраина;-1;
оксфордский;1;
олигарх;-2;
омерзительный;-2;
омерзительный;-1;
онищенко;-1;
опасаться;-1;
опасаться;1;
опасность;-1;
опасный;-1;
опека;-1;
опека;1;
оплот;1;
оплот;-1;
оппозиционер;-1;
оппозиционный;-1;
оправдание;-1;
оправдание;1;
оправдывать;-1;
оправдывать;1;
опровергать;-1;
опрометчивый;-1;
опрятный;1;
опрятный;2;
оптимальный;1;
оптимизм;1;
оптимист;1;
оптимистический;1;
оптимистичный;1;
оптимистичный;-1;
опухоль;-2;
опухоль;-1;
опытный;1;
опьянение;-1;
оранжевый;-1;
оратор;1;
организованный;1;
оригинальность;1;
освобождение;1;
освящать;1;
оскорбительный;-1;
оскорбление;-1;
оскорбление;-2;
оскорблять;-1;
основа;1;
основательный;1;
особенный;1;
особый;-1;
особь;-1;
оставлять;-1;
остап;1;
остроумный;1;
острый;-1;
осуждать;-1;
отбирать;-1;
отбывать;-1;
отважный;1;
отвергать;-1;
ответственность;1;
ответственный;1;
отвлекать;-1;
отвратительный;-2;
отвратительный;-1;
отвращение;-2;
отвращение;-1;
отдавать;-1;
отделяться;-1;
отечественный;1;
отечество;1;
отжимать;-2;
отжимать;-1;
отзывчивый;2;
отказ;-1;
отказываться;-1;
откат;-1;
отклик;1;
отклонение;-1;
откровенный;-1;
откровенный;1;
открытие;1;
отличный;2;
отменный;1;
отморозок;-2;
отморозок;-1;
отомщать;-1;
отпор;-1;
отпугивать;-1;
отрабатывать;-1;
отражаться;-1;
отрицательный;-1;
отрубать;-1;
отставать;-1;
отставка;-1;
отсталый;-1;
отстойный;-2;
отстойный;-1;
отступать;-1;
отсутствовать;-1;
отталкивать;-1;
отхожий;-1;
отчаяние;-2;
отчаяние;-1;
отчаянный;1;
отчаянный;-1;
отъявленный;-1;
отъявленный;-2;
офигенный;-2;
офигенный;-1;
офицер;1;
офшор;-1;
охуевать;-2;
охуенный;1;
охуенный;-2;
очарование;-1;
очаровательный;1;
очаровательный;-1;
очередной;-1;
ошибаться;-1;
ошибка;-1;
ошибочный;-2;
ощутимый;1;
ощутимый;-1;
ощущать;1;
пагубный;-1;
пагубный;-2;
падать;-1;
падкий;-1;
падший;-1;
палач;-2;
палач;-1;
паленый;-1;
паленый;-2;
палить;-1;
палка;-1;
память;1;
паника;-1;
паника;-2;
панический;-1;
папуас;-1;
парадный;1;
парадоксальный;-1;
паразит;-2;
паразитарный;-1;
паразитический;-1;
параноидальный;-1;
параноидальный;-2;
парень;1;
париж;1;
париться;1;
париться;-1;
парк;1;
пародия;-1;
партизан;1;
партизанский;1;
пархатый;-2;
пархатый;-1;
паскудный;-1;
паскудный;-2;
пассивный;-1;
патологический;-1;
патриарх;1;
патриархальный;-1;
патриот;1;
патриот;-1;
патриотизм;1;
патриотический;1;
патриотичный;2;
патриотичный;1;
пафос;-1;
пафосный;-1;
пахать;-1;
пацан;-1;
педерастия;-2;
педофил;-1;
педофил;-2;
педофилия;-2;
педофилия;-1;
пейзаж;1;
пейзаж;-1;
пенсия;-1;
первобытный;-1;
первоклассный;-1;
первоклассный;1;
первоклассный;2;
первостепенный;1;
перебор;-1;
переваривать;-1;
переворот;-2;
переворот;-1;
передавать;-1;
переделывать;1;
передергивать;-1;
передовой;-1;
переживать;-2;
переигрывать;1;
переигрывать;-2;
переигрывать;-1;
переименование;-1;
переименовывать;1;
переименовывать;-1;
перекрывать;-1;
переменчивый;-1;
переписка;-1;
переплачивать;-1;
переступать;-1;
переступать;-2;
переть;-2;
переть;-1;
перечеркивать;-1;
перманентный;-1;
персонаж;-1;
персональный;-1;
перспективный;2;
перспективный;1;
пессимист;-1;
пессимист;-2;
пессимистичный;-1;
петрик;-1;
печалить;-1;
печаль;-1;
печальный;-1;
пешком;-1;
пещерный;1;
пидар;-2;
пидар;-1;
пидарас;-2;
пидор;-2;
пидор;-1;
пизда;-2;
пиздеж;-2;
пиздеж;-1;
пиздеть;-2;
пиздеть;-1;
пиздец;-2;
пиздец;-1;
пикет;-1;
пилить;-1;
пионерский;1;
пират;1;
писать;1;
плавать;-1;
плагиат;-2;
плагиат;-1;
плакать;-1;
плакать;1;
пламень;1;
планктон;-1;
пластиковый;-1;
платный;-1;
платный;1;
платок;1;
плачевный;-1;
плачевный;-2;
плевать;-1;
племя;-1;
пленный;-1;
плодовитый;1;
плодовитый;-1;
плодотворный;1;
плохой;-1;
плыть;-1;
плюнуть;-1;
плюс;1;
плюсовать;1;
плясать;-2;
плясать;-1;
по-американски;-1;
побаиваться;-1;
побаиваться;1;
победа;1;
победитель;1;
победный;1;
победный;2;
победоносный;1;
побеждать;1;
побочный;-1;
побояться;-1;
повальный;-1;
поверхностный;-1;
повеситься;-2;
повеситься;-1;
повестись;-1;
повинный;-1;
повлиять;1;
поворотный;1;
повреждение;-1;
повстанец;-1;
повстанец;1;
повторяться;-1;
повышать;1;
поганый;-2;
поганый;-1;
погасать;-1;
поглядеть;-1;
погожий;1;
погром;-1;
подачка;-1;
подачка;-2;
подвиг;1;
подвиг;2;
поддельный;-1;
поддержка;1;
поделить;-1;
по-детски;2;
по-детски;-1;
по-детски;1;
поджигать;-1;
подкачивать;-1;
подлец;-1;
подлинный;1;
подмосковный;2;
подниматься;1;
подождать;1;
подозрение;-1;
подозрительный;-1;
подорожать;-1;
подписывать;1;
подпись;1;
подпольный;-1;
подробный;2;
подробный;1;
подробный;-1;
подружиться;1;
подрыв;-1;
подрывать;-1;
подтверждение;-1;
подчинение;-1;
подымать;-1;
подымать;1;
пожаловать;2;
пожаловать;-1;
пожалуйста;1;
пожар;-1;
пожертвовать;1;
пожизненный;-1;
пожизненный;-2;
позавидовать;-1;
поздравление;2;
позитив;1;
позитивный;2;
позитивный;1;
познавательный;1;
позор;-2;
позор;-1;
позорный;-1;
поиграться;-1;
показательный;1;
показной;-1;
показуха;-1;
показушный;-2;
показушный;-1;
показываться;-1;
покачать;-1;
поклон;-1;
покой;1;
покончить;-1;
покорный;-1;
покупка;1;
полезный;1;
полезный;2;
полезть;-1;
полемический;-1;
полениться;-1;
полениться;-2;
поликлиника;-1;
политбюро;2;
политзаключенная;-1;
политзаключенная;1;
полицай;-1;
полиция;-1;
полномасштабный;1;
полноправный;1;
полностью;1;
полноценный;2;
полноценный;1;
положительный;1;
полулегальный;-1;
польза;1;
пользоваться;-1;
полюбоваться;1;
полюбоваться;-1;
поляна;-1;
помеха;-1;
помилование;-1;
помиловать;1;
помирать;-1;
помогать;1;
помойка;-1;
помощник;1;
помощь;1;
понаблюдать;1;
понаехать;-1;
понравиться;1;
понт;-2;
понт;-1;
понятие;-1;
понятливый;1;
поощрительный;1;
поощрять;2;
поощрять;-1;
поощрять;1;
попадание;-1;
попадаться;-1;
попахивать;-1;
поплакать;-1;
попсовый;-1;
популярный;1;
попытка;-1;
порадовать;1;
порадоваться;1;
поражать;-1;
поражаться;-1;
поражение;-1;
поразительный;1;
поразительный;-1;
порок;-1;
порок;-2;
порочный;-1;
порочный;-2;
портить;-1;
портиться;-1;
порывистый;-1;
порядочный;1;
порядочный;2;
посадить;-2;
посвящать;1;
посильный;1;
посильный;2;
послушный;-1;
послушный;1;
посмеяться;-1;
посмеяться;1;
поспорить;-1;
посредственный;-1;
постановочный;-1;
постараться;1;
постмодернистский;1;
посторонний;-1;
пострадать;-1;
пострелять;-1;
постыдный;-1;
посылать;-1;
посягательство;-1;
потеря;-1;
потратить;-1;
потребитель;-1;
потрясение;-1;
потусторонний;-1;
потухать;-1;
поумнеть;1;
поумнеть;2;
похабный;-2;
похабный;-1;
похвала;1;
похвалить;1;
похвалить;-1;
похищать;-1;
похищать;-2;
похотливый;-1;
похотливый;-2;
похуй;-2;
по-человечески;2;
по-человечески;1;
почем;-1;
почесть;1;
почесть;2;
почистить;1;
почка;-1;
пошлость;-1;
пошлость;-2;
пошлый;-1;
правда;2;
правдивый;1;
правдоподобный;1;
праведный;1;
правильность;1;
правильный;2;
правильный;1;
правитель;-1;
править;-1;
правозащитник;-1;
правозащитный;1;
православие;-1;
православие;1;
правый;-1;
прагматический;1;
прагматичный;-1;
праздничный;1;
праздничный;2;
праздновать;1;
пребывать;-1;
превосходный;2;
превосходный;-1;
превосходный;1;
превосходство;1;
превращаться;-1;
превышать;-1;
предатель;-1;
предательский;-2;
предательский;-1;
предательство;-1;
предательство;-2;
предок;-1;
предпочитать;1;
предприимчивый;2;
предприимчивый;1;
предприниматель;1;
представительный;1;
предъявлять;-1;
презентабельный;1;
презентабельный;2;
презирать;-2;
презирать;-1;
презрение;-1;
презрение;-2;
презрительный;-1;
презрительный;-2;
преимущество;1;
прекрасный;1;
прекрасный;2;
прелестный;-1;
прелестный;2;
прелесть;1;
прелесть;2;
премудрый;2;
премудрый;-1;
премудрый;1;
премьер-министр;-1;
пренебрежительный;-2;
пренебрежительный;-1;
прерывать;-1;
прерываться;-1;
прерываться;1;
пресекать;-1;
преследовать;-1;
пресловутый;-1;
престижный;1;
престижный;2;
преступление;-1;
преступник;-1;
преступность;-1;
преступный;-2;
преступный;-1;
претензия;-1;
пречистый;1;
пречистый;2;
прибалт;-1;
прибыльный;1;
прививать;-1;
привилегия;1;
привилегия;-1;
привлекательный;1;
привлекательный;2;
привозить;1;
приговаривать;-1;
приговор;-1;
приговор;2;
пригодный;1;
придираться;-1;
придурок;-1;
приедаться;-1;
приемлемый;1;
признательный;1;
приказ;-1;
приключение;1;
прикол;-1;
прикольный;1;
прилежный;1;
приличный;1;
примечательный;2;
примечательный;1;
примитивный;-1;
принадлежать;1;
принудительный;-1;
принуждение;-1;
принцесса;2;
принцесса;1;
приоритет;1;
припарковывать;1;
природа;-1;
природный;1;
природоохранный;1;
прирост;1;
присваивать;-1;
прискорбный;-1;
приснопамятный;-1;
пристрастный;-1;
пристрастный;1;
пристреливать;-1;
приступ;-1;
притворный;-1;
притягивать;1;
приют;-1;
приятель;-1;
приятель;1;
приятный;1;
приятный;2;
проблема;-1;
проблемный;-1;
провал;-1;
провальный;-1;
провальный;-2;
провинциал;-1;
провинциал;-2;
провинциальный;-1;
провинция;-1;
проводить;-1;
провокатор;-1;
провокация;-1;
прогибаться;-1;
прогрессивный;2;
прогулка;1;
продаваться;-1;
продавщица;-1;
продажный;-1;
проделывать;-1;
продолжать;-1;
продуктивный;1;
продуктивный;2;
проебывать;-2;
проебывать;-1;
прозорливый;1;
проигрывать;-1;
проигрышный;-1;
производительность;1;
производительный;1;
производственный;1;
происшествие;-1;
проклинать;-1;
проклинать;-2;
проклятие;-1;
проклятие;-2;
пролетариат;-1;
пролетарский;-1;
промахиваться;-1;
промолчать;-1;
пронзительный;1;
проникновенный;1;
проникновенный;2;
проницательный;1;
проницательный;-1;
пропаганда;-1;
пропагандировать;1;
пропагандистский;-1;
пропадать;-1;
пропащий;-1;
пропивать;-1;
прорыв;-2;
прорыв;-1;
просачиваться;-1;
прослушка;-1;
прослушка;-2;
простаивать;-1;
простенький;1;
простенький;-1;
простительный;1;
проститутка;-2;
проститутка;-1;
просторный;1;
пространный;-1;
протест;-1;
протестный;-1;
протестовать;-1;
противник;-1;
противный;-1;
противозаконный;-1;
противопоказанный;-1;
противоправный;-1;
противоречивый;-1;
противоречие;-1;
противоречить;-1;
профессионал;1;
профессиональный;1;
профессор;1;
процветание;1;
процветать;2;
процветать;1;
процедура;-1;
прочить;-1;
прочность;1;
прошение;-1;
прощать;1;
прощение;-1;
прощеный;1;
прояснение;1;
прямолинейный;-1;
прятать;-1;
псих;-1;
психопат;-2;
психопат;-1;
психотропный;-2;
пту;-1;
публикация;1;
пугать;-1;
пугаться;-1;
пугливый;-1;
пузатый;-1;
пуля;-1;
пустой;-2;
пустой;-1;
пустышка;-1;
пустяковый;-1;
пустяковый;1;
путинский;-1;
путный;-1;
пух;1;
пухленький;1;
пухлый;-1;
пушистый;1;
пылкий;1;
пылкий;-1;
пыльный;-1;
пытать;-1;
пытаться;-1;
пытка;-1;
пьяница;-2;
пьяница;-1;
пьянка;-1;
пьянство;-2;
пьянство;-1;
пьяный;-1;
пятерочка;-1;
пятнадцатилетний;-1;
раб;-2;
раб;-1;
работоспособный;-1;
рабский;-1;
рабский;-2;
рабство;-1;
рабство;-2;
равенство;1;
равнодушный;-2;
равноправие;1;
радикальный;-1;
радовать;2;
радовать;1;
радоваться;1;
радостный;2;
радостный;-1;
радостный;1;
радость;1;
радость;-1;
радужный;-1;
радушный;1;
радушный;2;
разбивать;-1;
разбиваться;-1;
разбираться;-1;
разбогатеть;1;
разбрасывать;-1;
развал;-1;
разваливать;-1;
разваливаться;-1;
развиваться;1;
разворовывать;-2;
разворовывать;-1;
разврат;-2;
разврат;-1;
развратный;-2;
развратный;-1;
развращать;-1;
разгонять;-1;
разгромный;-1;
раздражать;-1;
размножаться;-1;
разнообразие;1;
разный;1;
разоблачительный;-1;
разоблачительный;-2;
разорять;-1;
разочарование;-1;
разрешительный;1;
разродиться;-1;
разруха;-1;
разрушать;-2;
разрушать;-1;
разрушение;-1;
разрушительный;-1;
разум;1;
разумный;1;
разъяснительный;1;
райский;2;
райский;1;
рак;-1;
ранить;-2;
ранить;-1;
раса;-1;
расизм;-2;
расизм;-1;
расист;-1;
расистский;-2;
расистский;-1;
раскол;-1;
расовый;-1;
распад;-1;
расплакаться;-1;
расплачиваться;-1;
расплывчатый;-1;
распоряжение;-1;
рассмешить;1;
расставаться;-1;
расстраиваться;-1;
расстрел;-1;
расстреливать;-1;
расстройство;-1;
рассудительный;-1;
рассудительный;1;
расти;1;
расчет;1;
расчетливый;-1;
расчетливый;1;
рациональный;1;
рваный;-1;
реалистический;2;
реальный;1;
реанимация;-1;
ревностный;-1;
революция;-1;
редактировать;1;
редкостный;-1;
редкость;-1;
редкость;1;
режим;-1;
резать;-1;
резать;-2;
резвый;2;
резвый;1;
резвый;-1;
резкий;-1;
резня;-2;
резня;-1;
резонный;1;
результат;-1;
рейх;-2;
рекомендовать;1;
религия;1;
рентабельный;1;
репрессивный;-1;
репрессировать;-2;
репрессировать;-1;
репрессия;-2;
репрессия;-1;
респект;1;
республиканец;-1;
ресурс;1;
реформировать;1;
реформировать;-1;
рецензия;-1;
рецензия;1;
решаться;1;
решетка;-1;
ржавый;-1;
риск;-1;
рискнуть;1;
рискованный;-1;
рисковать;-1;
родительский;2;
родительский;1;
родной;1;
рожа;-1;
рожа;-2;
рожать;-1;
рождаемость;1;
романтический;1;
романтичный;1;
ронять;-1;
роскошный;1;
роскошный;2;
роскошь;1;
российский;2;
российский;-1;
россия;1;
россиянин;1;
рпц;1;
рпц;-1;
ругательный;-1;
ругать;-1;
ругаться;-1;
руководитель;-1;
рулить;1;
рулить;2;
русофоб;-2;
русофоб;-1;
русофобия;-1;
русофобский;-1;
русофобский;-2;
русский;1;
русь;-1;
рутинный;-1;
рухнуть;-1;
рыбий;-1;
рыдать;-1;
рыхлый;-1;
рьяный;-1;
рьяный;1;
рьяный;-2;
ряд;1;
ряса;-1;
саакашвили;-2;
саакашвили;-1;
саакашвили;1;
садист;-2;
садист;-1;
сакральный;-1;
сакральный;-2;
сакраментальный;-1;
сакура;1;
самец;1;
самец;-1;
самка;-1;
самовлюбленный;-2;
самовлюбленный;-1;
самовольный;-1;
самодельный;-1;
самодостаточный;1;
самодостаточный;-1;
самокритичный;1;
самолюбование;-1;
самонадеянный;-1;
самоотверженный;-1;
самоотверженный;2;
самоотверженный;1;
самосознание;1;
самостоятельный;1;
самоубийство;-2;
самоубийство;-1;
самоубийца;-1;
самоуверенный;-1;
сарказм;-1;
сатана;-1;
сбегать;-1;
сбивать;-1;
сваливать;-1;
свалка;-1;
свергать;-1;
светиться;-1;
светлый;1;
свинский;-1;
свобода;1;
свободный;1;
своевременный;1;
своеобразный;1;
сволочной;-2;
сволочной;-1;
сволочь;-2;
святой;1;
святой;2;
священник;1;
сдаваться;-1;
сдача;-1;
сделка;1;
сдохнуть;-2;
сдохнуть;-1;
сегмент;1;
сегодняшний;-1;
секретарша;1;
секретарша;-1;
сексуальный;1;
сектант;-1;
семейный;-1;
семейный;1;
семит;-1;
семья;1;
сенатор;-1;
сенсационный;1;
сенсация;2;
сенсация;-1;
сентиментальный;-1;
сентиментальный;1;
сердиться;-1;
сердобольный;1;
сердце;1;
сердюков;-2;
сердюков;-1;
серость;-1;
серый;-1;
серьезный;1;
сетевой;-1;
сетовать;-1;
сжигать;1;
сидеть;-1;
сила;1;
сильнодействующий;-1;
сильный;1;
сильный;2;
симпатизировать;1;
симпатизировать;2;
симпатичный;1;
симпатяга;2;
симпатяга;-1;
симпатяга;1;
сионистский;-1;
сирота;-1;
сказка;-1;
сказочный;1;
сказываться;-1;
скандал;-1;
скандал;-2;
скандальный;-1;
скатиться;-1;
скатывать;-1;
сквер;1;
скверный;-1;
скверный;-2;
скидывать;-1;
склад;1;
скончаться;-2;
скончаться;-1;
скора;-1;
скорбеть;-2;
скорбеть;-1;
скорбный;-1;
скот;-1;
скотина;-1;
скотина;-2;
скотский;-2;
скромный;1;
скудный;-1;
скупой;-1;
скупой;1;
скучать;-1;
скучать;1;
скучный;-1;
слабоватый;-1;
слабовольный;-2;
слабовольный;-1;
слабонервный;-1;
слаборазвитый;-1;
слабость;-1;
слабоумный;-1;
слабохарактерный;-1;
слабый;-1;
слабый;-2;
славянин;-1;
славянский;2;
сладкий;-1;
сладкий;1;
слащавый;-1;
следствие;1;
слежка;-1;
слеза;-1;
слезать;-1;
слезливый;-1;
слезоточивый;-1;
слепой;-1;
слишком;-1;
сложноватый;-1;
сложный;-1;
сломаться;-1;
слоновий;1;
слуга;-1;
служение;-1;
служение;1;
служить;-1;
случайный;-1;
смазливый;-1;
смазливый;1;
смаковать;-1;
смаковать;1;
смарт;-1;
смахивать;-1;
смачный;1;
смекалистый;1;
смелость;1;
смелый;1;
смертельный;-1;
смертельный;-2;
смертник;-1;
смертник;-2;
смертность;-1;
смертный;-1;
смерть;-2;
смерш;-1;
смерш;1;
смехотворный;-1;
смешивать;-1;
смешной;1;
смешной;-1;
смеяться;1;
смеяться;-1;
смирительный;-1;
смог;-1;
смочь;1;
смутный;-2;
смутный;-1;
смущать;-1;
смысл;1;
снайперский;-1;
снг;1;
снисходительный;-1;
сноб;-1;
сноб;1;
сногсшибательный;2;
сносить;-1;
собеседование;-1;
соболезнование;-2;
соболезнование;-1;
соболезновать;-1;
соболезновать;1;
соболезновать;-2;
собор;1;
собственность;1;
собственный;1;
совершенство;1;
совесть;1;
советский;1;
совковый;-1;
согласный;1;
содержательный;1;
содомит;-2;
содомит;-1;
сожаление;-1;
сожаление;1;
сознание;-1;
сокровенный;1;
солдатик;-1;
солидарный;1;
солидный;1;
солнышко;1;
сольный;1;
сомнение;-1;
сообразительный;1;
соотечественник;-1;
сопереживание;1;
сопереживать;1;
сопротивление;-1;
сосать;-1;
сосед;1;
состоятельный;1;
сострадание;2;
сострадание;1;
сострадательный;1;
сотрудник;1;
сохранение;1;
сочетать;1;
сочетаться;1;
сочинский;-1;
сочный;1;
сочувствие;1;
сочувствовать;1;
союзник;1;
спам;-1;
спам;-2;
спасать;1;
спасение;1;
спасение;-1;
спасибо;2;
спасибо;1;
спасибочки;1;
спелый;1;
спелый;2;
спец;-1;
спец;1;
специфический;-1;
специфический;1;
специфичный;-1;
спецназ;-1;
спецназ;1;
спецслужба;-1;
спид;-1;
спид;-2;
спиздить;-1;
спиздить;-2;
списывать;-1;
сплошь;-1;
спокойный;1;
спорить;-1;
спорт;1;
способствовать;1;
справедливость;1;
справедливый;1;
справляться;-1;
спс;1;
срабатывать;1;
срабатывать;-1;
сравнение;-1;
сражаться;1;
сраный;-2;
сраный;-1;
срать;-2;
срать;-1;
средненький;-1;
среднестатистический;-1;
срок;-1;
ссать;-1;
ссать;-2;
ссора;-1;
ссср;1;
стабильность;1;
стабильный;1;
стадный;-1;
стадный;-2;
сталинградский;-1;
сталинист;-1;
сталинист;-2;
сталинский;-1;
станок;1;
старательный;-1;
старательный;1;
стараться;1;
старец;-1;
старец;1;
старческий;-1;
старый;-1;
стереотип;-1;
стерильный;-1;
стихийный;-1;
стихийный;1;
стойкий;1;
стокгольм;1;
столица;-1;
столичный;1;
стопроцентный;2;
стопудовый;-1;
стопудовый;1;
сторонка;-1;
сторонник;1;
сторонник;-1;
страдание;-1;
страдание;-2;
страдать;-1;
странноватый;-1;
странный;-1;
страх;-1;
страховка;1;
страшилка;-1;
страшненький;-1;
страшный;-2;
страшный;-1;
стрелка;-1;
стрельба;-1;
стремиться;-1;
стресс;-1;
стрессовый;-1;
строгий;-1;
строиться;1;
стройка;-1;
стройный;1;
структура;-1;
стукач;-1;
стукач;-2;
стыдиться;-1;
стырить;-2;
стырить;-1;
стяжательство;-1;
субботник;1;
субботник;2;
субъективный;-1;
суверенитет;1;
судан;-1;
судить;-1;
судьба;1;
суеверие;-1;
суета;-1;
суетиться;-1;
суицид;-1;
суицид;-2;
сука;-2;
сукин;-1;
сукин;-2;
сумасшедший;-1;
сумбур;-1;
сумятица;-1;
сунуться;-1;
супер;1;
супермаркет;-1;
супостат;-1;
суровость;-1;
суровый;-1;
суррогатный;-1;
существо;1;
сущий;-1;
сфабриковать;-1;
сфальсифицировать;-1;
схватка;1;
схитрить;-1;
сходка;-1;
счастливец;1;
счастливчик;1;
счастливчик;2;
счастливый;1;
сынок;2;
сырой;-1;
сытный;2;
сытный;1;
сытость;1;
сытый;1;
сэкономить;1;
сэр;1;
сюрприз;1;
табак;-1;
табачный;-1;
таджик;-1;
таинство;1;
тайна;1;
тайна;-1;
тайный;-1;
тактический;1;
тактичность;1;
тактичность;2;
тактичный;2;
тактичный;1;
талант;2;
талант;1;
талантище;-1;
талантище;1;
талантливый;1;
талантливый;2;
талиб;-2;
таллин;1;
талон;-1;
талый;-1;
танец;-1;
таракан;-1;
таракан;-2;
тараканий;-1;
тараканий;-2;
тачка;-1;
тащиться;-1;
тварь;-2;
тварь;-1;
твердолобый;-2;
твердолобый;-1;
твердый;-1;
твориться;-1;
текучка;-2;
телочка;-1;
телочка;1;
темнота;-1;
темный;-1;
тенденциозный;-1;
теневой;-1;
тепленький;1;
тепленький;-1;
теплота;1;
теракт;-1;
теракт;-2;
тереть;-1;
терзание;-1;
терзаться;-1;
терпеливый;1;
терпение;1;
терпение;2;
терпимый;1;
террор;-2;
террор;-1;
терроризировать;-1;
терроризировать;-2;
терроризм;-2;
террорист;-2;
террорист;-1;
террористический;-1;
террористический;-2;
террористка;-1;
террористка;-2;
терять;-1;
теряться;-1;
тесак;-1;
теснота;-1;
тесный;2;
тесный;1;
тесный;-1;
тетка;-1;
технарь;1;
техногенный;-1;
тешиться;-1;
тиран;-1;
тирания;-2;
тирания;-1;
титанический;1;
титанический;2;
тлен;-1;
тлетворный;-1;
толерантность;1;
толерантность;-1;
толк;1;
толкать;-1;
толковый;1;
толковый;2;
толокно;-1;
толстокожий;-1;
толстосум;-2;
толстосум;-1;
толстый;-1;
толстяк;-1;
толчея;-1;
томление;-1;
томление;1;
тоненький;1;
тонкость;-1;
тонус;1;
тонуть;-1;
топить;-1;
топовый;1;
топорный;-1;
топтать;-1;
торгаш;-1;
торгаш;-2;
торговать;-1;
торговец;-1;
торговля;-1;
торжественный;1;
торжественный;-1;
торжество;1;
торжествовать;-1;
торжествовать;2;
торжествовать;1;
тормоз;-1;
тормозить;-1;
тормозной;-1;
тормознуть;-1;
торпеда;-1;
торпедирование;-1;
торпедирование;1;
торпедировать;-1;
тортик;1;
тортик;-1;
тоска;-1;
тосковать;1;
тосковать;-1;
тоталитаризм;-1;
тоталитарный;-1;
тотальный;-1;
точность;1;
тошнить;-1;
тошнота;-1;
тошнотворный;-2;
тошнотворный;-1;
тощий;-1;
трава;-1;
трава;1;
травить;-1;
травиться;-1;
травка;-2;
травка;-1;
травля;-2;
травля;-1;
травматический;-1;
трагедия;-2;
трагедия;-1;
традиция;2;
традиция;1;
трамвайный;-1;
траур;-1;
трахать;-1;
трахать;-2;
трахаться;-1;
трахаться;1;
трахнуть;-1;
трахнуть;-2;
требовательный;1;
требовательный;-1;
требовательный;2;
тревожить;-1;
тревожиться;-1;
тревожный;-1;
трезвость;-1;
трезвый;1;
трепет;1;
трепетать;-1;
трепетный;1;
трехэтажный;-1;
треш;-1;
треш;-2;
трещина;-1;
триумф;1;
триумф;2;
триумфальный;2;
трогательность;1;
трогательность;2;
трогательный;1;
тролль;-1;
троцкист;-1;
труба;-1;
труд;1;
трудиться;1;
труднодоступный;-1;
трудность;-1;
трудность;1;
трудный;-1;
трудоголик;-1;
трудоголик;1;
трудоемкий;-1;
трудолюбивый;1;
трудолюбие;1;
труженик;1;
труп;-1;
труп;-2;
трус;-2;
трус;-1;
трусливый;-1;
трусливый;-2;
трусоватый;-1;
трутень;-1;
трюк;-1;
тряпка;-1;
трястись;-1;
туберкулез;-1;
туберкулез;-2;
тугой;-1;
туманный;-1;
тупик;-1;
тупиковый;-1;
тупить;-1;
тупица;-2;
тупица;-1;
туповатый;-2;
туповатый;-1;
тупой;-1;
тупорылый;-1;
тупорылый;-2;
тупость;-2;
тупость;-1;
тусовка;-1;
туфта;-1;
тухлый;-1;
тухнуть;-1;
тушка;-1;
тщательность;1;
тщеславие;-1;
тырить;-1;
тыща;-1;
тьма;-1;
тюремный;-1;
тюрьма;-1;
тюряга;-2;
тюряга;-1;
тягота;-2;
тягота;-1;
тяготить;-1;
тяготиться;-1;
тяжба;-1;
тяжба;1;
тяжелобольной;-2;
тяжелобольной;-1;
тяжелый;-1;
тяжкий;1;
тяжкий;-1;
тянуть;-1;
убегать;-1;
убедительный;1;
убеждение;1;
убежище;1;
убивать;-2;
убиваться;-1;
убиваться;-2;
убивец;-1;
убиение;-1;
убиение;-2;
убийственный;-1;
убийство;-1;
убийца;-2;
убираться;-1;
ублюдок;-2;
ублюдок;-1;
ублюдочный;-1;
ублюдочный;-2;
убогий;-2;
убогий;-1;
убогость;-1;
убогость;-2;
убожество;-1;
убожество;-2;
убойность;-2;
убойность;-1;
убойный;1;
убойный;-1;
убыток;-1;
убыток;-2;
уважать;1;
уважение;1;
уважительный;1;
увеличение;1;
увеличивать;1;
увеличиваться;1;
уверенность;1;
увеселение;-1;
увесистый;-1;
увечье;-1;
увечье;-2;
увлекательный;1;
увлекать;1;
увлечение;1;
увольнять;-1;
увольняться;-1;
углеводород;1;
угнетатель;-1;
угнетатель;-2;
угнетать;-2;
угнетать;-1;
угнетение;-1;
угнетение;-2;
угождать;-1;
уголовник;-1;
уголовный;-1;
уголовный;-2;
угон;-1;
угробить;-1;
угроза;-1;
угрюмый;-1;
угу;-2;
удавка;-1;
удавка;-2;
удалец;-1;
удалять;-1;
удар;-1;
удача;1;
удачливость;1;
удачливый;1;
удачный;1;
уделывать;1;
удерживаться;-1;
удивительный;1;
удивительный;2;
удивление;1;
удивление;-1;
удо;-1;
удобный;2;
удобный;1;
удобство;-1;
удобство;1;
удовлетворение;1;
удовлетворенность;1;
удовлетворительный;1;
удовлетворительный;-1;
удовлетворять;1;
удовольствие;1;
удорожание;-1;
удорожать;-1;
удорожать;1;
удушать;-1;
удушение;-1;
удушение;-2;
ужалить;-1;
ужас;-1;
ужас;-2;
ужасать;-1;
ужасаться;-1;
ужасный;-1;
ужасный;-2;
ужесточать;-1;
ужесточаться;-1;
ужесточение;-1;
ужесточить;-2;
ужесточить;-1;
узбек;-1;
узбекистан;-1;
узбекистан;1;
узник;-1;
узник;-2;
узость;-1;
узость;-2;
узурпатор;-1;
узурпатор;-2;
узурпация;-1;
узурпация;-2;
узурпировать;-2;
узурпировать;-1;
уйма;-1;
указывать;-1;
укладывать;-1;
уклонение;-1;
уклонист;-1;
уклоняться;-1;
укор;-1;
украинский;-1;
украсть;-2;
украсть;-1;
украшать;1;
украшать;2;
украшение;1;
укусить;-1;
уловка;-1;
улучшать;1;
улучшаться;1;
улучшаться;2;
улучшение;1;
улыбаться;-1;
улыбаться;2;
улыбка;1;
улыбчивый;1;
улыбчивый;2;
умалять;-1;
умелец;-1;
умелец;1;
умелый;2;
умелый;1;
умение;1;
уметь;1;
умиление;1;
умиление;-1;
умилять;-1;
умиляться;1;
умиляться;-1;
умирать;-2;
умирать;-1;
умненький;-1;
умненький;2;
умненький;1;
умнеть;1;
умник;-1;
умница;2;
умница;1;
умничать;1;
умничать;-1;
умный;1;
умолять;-1;
умопомрачительный;-1;
умопомрачительный;1;
умственный;-1;
умудряться;-1;
умысел;-1;
умысел;-2;
универсальность;1;
университет;1;
унижать;-1;
унижаться;-1;
унижаться;-2;
унижение;-1;
унижение;-2;
унизительный;-2;
унизительный;-1;
уникальность;1;
уникальный;1;
уникальный;2;
уничижительный;-1;
уничижительный;-2;
уничтожать;-2;
уничтожать;-1;
уничтожение;-1;
унывать;-1;
унылый;-1;
унылый;-2;
уныние;-1;
упадок;-1;
упадочный;-1;
упадочный;-2;
упование;-1;
упование;1;
уповать;-1;
упоение;1;
упоительный;1;
упоительный;-1;
упорный;-1;
упорный;1;
упрек;-1;
упрекать;-1;
упрощать;1;
упрощать;-1;
упругий;1;
упрямство;-1;
упрямство;1;
упрямый;-1;
упрямый;1;
упускать;-1;
упущение;-1;
упырь;-2;
упырь;-1;
ура;2;
ура;1;
уразумевать;-1;
уразумевать;1;
урезание;-1;
урод;-2;
урод;-1;
уродец;-1;
уродец;1;
уродка;-2;
уродка;-1;
уродливый;-1;
уродливый;-2;
уродовать;-1;
уродовать;-2;
уродский;-2;
уродский;-1;
уродство;-1;
уродство;-2;
урожай;2;
урожайный;1;
урон;-1;
усердие;1;
усердный;1;
усложнять;-1;
усложняться;-1;
усомниться;-1;
успех;1;
успех;2;
успешность;1;
успешный;1;
успешный;2;
успокаиваться;1;
уставать;-1;
усталость;-1;
усталый;-1;
устаревать;-1;
устойчивость;1;
устраиваться;1;
устранять;-1;
уступка;1;
усугублять;-1;
усугубляться;-1;
усыновлять;1;
утерять;-1;
утечка;-1;
утешать;1;
утомительный;-1;
утомлять;-1;
утонченность;1;
утопический;-1;
утопичный;-1;
утрата;-1;
утруждать;-1;
утрясаться;1;
утяжелять;-1;
ух;1;
ухаб;-1;
ухудшать;-1;
ухудшаться;-1;
ухудшение;-1;
учеба;-1;
учеба;1;
учение;1;
училка;-2;
училка;-1;
учинять;-1;
учить;1;
учить;-1;
учудить;-1;
ушлый;-1;
ущемление;-1;
ущемлять;-1;
ущемляться;-1;
ущерб;-1;
ущербность;-1;
ущербный;-1;
ущербный;-2;
уютный;1;
уязвимость;-1;
уязвимый;-1;
уяснять;-1;
фабрика;-2;
фабрикация;-1;
фабриковать;-1;
фаворит;1;
фальсификатор;-1;
фальсификация;-1;
фальсифицировать;-1;
фальшивка;-1;
фальшивка;1;
фальшивомонетчик;-1;
фальшивый;-2;
фальшивый;-1;
фальшь;-1;
фанатизм;-2;
фанатизм;-1;
фанатик;-1;
фанатик;-2;
фантазия;1;
фантастический;-1;
фантастический;1;
фантомный;-1;
фатальный;-2;
фатальный;-1;
фашизм;-1;
фашизм;-2;
фашист;-2;
фашист;-1;
фашистка;-1;
фашистка;-2;
фашистский;-1;
фашистский;-2;
фбр;-1;
федерация;1;
феерический;1;
феерический;-1;
фееричный;-1;
фееричный;1;
фейк;-1;
феминизм;-2;
феминизм;-1;
феминистка;-1;
феминистский;-1;
феминистский;1;
фиаско;-1;
фигня;-1;
фиговый;-1;
фиктивный;-1;
фикция;-1;
философский;-1;
философский;1;
финский;1;
фишка;1;
фишка;-1;
флейм;-1;
фобия;-1;
фокус;-1;
фол;-1;
формальный;-1;
форсить;-1;
форс-мажор;-1;
форс-мажорный;-1;
форс-мажорный;1;
фортель;-1;
фото;1;
фотография;2;
француз;1;
фрегат;1;
фронтовик;1;
фрс;-1;
фу;-2;
фу;-1;
фундаментализм;-2;
фундаментализм;-1;
фундаменталист;1;
фура;1;
фура;2;
фюрер;-2;
фюрер;-1;
хакер;-1;
хакер;1;
халатность;-1;
халатный;-1;
халатный;-2;
халифат;-2;
халтура;-1;
хаметь;-1;
хаметь;-2;
хамить;-2;
хамить;-1;
хамка;-1;
хамство;-1;
ханжество;-1;
хаос;-2;
харакири;-2;
харакири;-1;
харизма;-1;
харизма;1;
харизматичный;1;
хасид;-1;
хаять;-1;
хвала;1;
хвалебный;1;
хвалебный;-1;
хваленый;1;
хвалить;1;
хвалить;2;
хвастаться;-1;
хвастаться;1;
хватить;-1;
хворать;-1;
хворый;-1;
хворый;-2;
хер;-1;
херня;-2;
херня;-1;
хиджаб;1;
хилый;-1;
хилый;-2;
химический;-1;
химичить;-1;
химия;-1;
химки;1;
хипстер;-1;
хиреть;-1;
хирург;1;
хитрец;1;
хитрец;-1;
хитрить;-1;
хитрожопый;-1;
хитрожопый;-2;
хитрость;1;
хитрость;-1;
хитроумный;-1;
хитроумный;2;
хитроумный;1;
хитрый;1;
хитрый;-1;
хитрющий;-1;
хихикать;-1;
хищение;-1;
хладнокровный;-1;
хлам;-1;
хлебнуть;-1;
хлипкий;-2;
хлипкий;-1;
хм;-1;
хмурый;-1;
ходовой;1;
холод;-1;
холодный;-1;
холоп;-1;
холопский;-2;
холопский;-1;
холостой;-1;
холуй;-2;
холуй;-1;
холуйство;-1;
хомяк;-1;
хомячок;-1;
хоронить;-1;
хорошенький;1;
хорошенький;2;
хорошенько;1;
хорошенько;-1;
хороший;1;
хохол;-1;
хохол;-2;
хохотать;1;
храбрость;1;
храбрый;1;
храбрый;2;
храм;1;
хрен;-1;
хрен;-2;
хреновый;-1;
хрестоматийный;1;
хрестоматийный;-1;
хриплый;-1;
хрипота;-1;
христианский;2;
христос;1;
хромать;-1;
хромой;-1;
хронический;-1;
хрупкий;-1;
хрустеть;-1;
ху;-2;
ху;-1;
худой;-1;
худосочный;-1;
хуета;-2;
хуета;-1;
хуй;-2;
хуйня;-2;
хуле;-1;
хуле;-2;
хулиган;-1;
хулиганить;-1;
хулиганский;-1;
хулиганство;-1;
хунта;-2;
хунта;-1;
царапина;-1;
царить;1;
царить;-1;
цацкаться;-1;
цвести;-1;
цвести;1;
цветной;-1;
целенаправленный;2;
целесообразность;1;
целесообразный;1;
целеустремленный;1;
целеустремленный;2;
целовать;-1;
целостность;1;
целостный;1;
цельный;1;
цена;-1;
цензурный;-1;
ценитель;-1;
ценить;1;
цениться;1;
ценностный;-1;
ценный;1;
цеплять;-1;
церковный;-1;
цивилизация;1;
циник;-1;
цирк;-1;
цыган;-1;
цыганский;-1;
чавкать;-1;
чавкать;-2;
чаплин;-1;
чванство;-1;
чекист;-1;
чекистский;-1;
человечность;1;
человечный;1;
чепуха;-2;
чепуха;-1;
червь;-2;
червь;-1;
червяк;-2;
черепаший;-1;
черепаший;-2;
черножопый;-2;
чернокожий;1;
черствый;-1;
черствый;-2;
черт;-1;
честность;1;
честный;1;
честолюбивый;1;
честолюбивый;-1;
чиновничий;-1;
чинуша;-2;
чинуша;-1;
чистенький;-1;
чистенький;1;
чистенький;2;
чистокровный;1;
чистоплотность;1;
чистоплотный;1;
чистосердечный;1;
чистота;1;
чистый;1;
чистюля;-1;
читабельный;-1;
читабельный;1;
чопорный;-1;
чорт;-1;
чрезвычайный;-1;
чрезмерный;-1;
чтиво;1;
чтить;1;
чубайс;-2;
чувиха;-1;
чувственный;1;
чувствительный;-1;
чувство;1;
чувствовать;1;
чудак;-1;
чудесный;1;
чудесный;-1;
чудище;-1;
чудный;1;
чудный;2;
чудо;1;
чудо;-1;
чудо;-2;
чудовище;-2;
чудовище;-1;
чудовищный;-1;
чудовищный;-2;
чудотворный;1;
чудотворный;-1;
чужак;-1;
чуждый;-1;
чужеродный;-1;
чужеродный;-2;
чурбан;-1;
чурка;-2;
чурка;-1;
чуткий;2;
чуткий;1;
чучело;-1;
чушь;-1;
чушь;-2;
шайка;-2;
шайка;-1;
шалава;-2;
шалун;-1;
шальной;-1;
шанс;1;
шантаж;-1;
шантажировать;-1;
шантажировать;-2;
шантажист;-1;
шанхай;1;
шариат;-1;
шарить;1;
шарфик;1;
шататься;-1;
шаткий;-1;
шедевр;-2;
шедевр;-1;
шедевр;1;
шельма;-1;
шизоидный;-2;
шизоидный;-1;
шизофреник;-2;
шизофреник;-1;
шизофренический;-1;
шизофренический;-2;
шикарный;2;
шикарный;1;
ширпотреб;-1;
ширпотреб;-2;
шквал;1;
школа;-1;
шлюха;-1;
шлюха;-2;
шляпа;-1;
шовинизм;-1;
шовинизм;-2;
шовинист;-2;
шовинист;-1;
шовинистический;-1;
шок;-1;
шокировать;-2;
шокировать;-1;
шоковый;-1;
шпана;-2;
шпана;-1;
шпион;-2;
шпион;-1;
шпионаж;-1;
шпионить;-1;
шпионский;1;
шпынять;-1;
шрам;-1;
штаб;1;
штамп;-1;
штраф;-2;
штраф;-1;
штрафной;-1;
штрафовать;-1;
штука;1;
штурм;-1;
штурмовать;-1;
шулер;-1;
шум;-1;
шумиха;-1;
шумность;-1;
шумный;-1;
шустрый;1;
шут;-1;
шутить;1;
шутка;2;
шутка;-1;
шутливый;1;
шутник;1;
шутник;-1;
шутник;2;
шутовской;-1;
щедрость;-1;
щедрость;2;
щедрость;1;
щекотливый;-1;
щенок;-1;
щепетильный;1;
эгоизм;-1;
эгоист;-1;
эгоист;-2;
эгоистический;-1;
эгоистичный;-1;
эгоцентричный;-2;
эгоцентричный;-1;
эдичка;-1;
эйфория;1;
эйфория;-1;
экзальтированный;-1;
экзальтированный;-2;
экзотический;1;
эколог;1;
экологический;1;
экономить;-1;
экономить;1;
экономичный;1;
экономия;1;
экономный;1;
экспансия;-1;
эксперимент;-1;
экспертиза;1;
эксплуатация;-1;
эксплуатация;-2;
экспрессивный;2;
экспрессивный;-1;
экспроприация;-1;
экспроприировать;-2;
экспроприировать;-1;
экстаз;2;
экстаз;-1;
экстравагантный;-2;
экстравагантный;-1;
экстрадиция;-1;
экстраординарный;1;
экстремальный;-1;
экстремизм;-1;
экстремизм;-2;
экстремист;-1;
экстремист;-2;
экстренный;-1;
эксцентричный;-1;
эксцесс;-1;
элегантность;1;
элита;1;
элитарный;1;
элитный;1;
элитный;-1;
эмигрант;-1;
эмиграция;-1;
эмоциональный;-1;
эмоция;-1;
энергичный;-1;
энергичный;1;
энергия;-1;
энергия;1;
энтузиазм;1;
эпатаж;-1;
эпидемия;-1;
эпический;1;
эпичный;-1;
эпичный;1;
эпоха;-1;
эпохальный;1;
эрзац;-1;
эротический;1;
эротический;-1;
эротический;-2;
эстетический;1;
эстетичный;1;
эстетичный;-1;
эталонный;-1;
эталонный;2;
этический;1;
этический;2;
этичный;1;
этичный;-1;
этнический;-1;
эфемерный;-1;
эффективность;1;
эффективный;1;
эффектный;1;
ювелирный;1;
юлить;-1;
юмор;1;
юмор;-1;
юмористический;-1;
юмористический;1;
ющенко;-1;
явный;-1;
яд;-2;
яд;-1;
ядерный;-1;
ядовитый;-1;
язвительный;-1;
языческий;-1;
яковлев;-1;
япония;1;
яркий;1;
ярмо;-1;
ярмо;-2;
яростный;-1;
ярость;-1;
ярый;-1;
ярый;1;
ясность;1;
ясный;2;
ясный;-1;